"trimester","ADM1_ES","ADM2_ES","download_speed_change","upload_speed_change"
1,"Amazonas","Leticia",0,0
1,"Antioquia","Abejorral",0,0
1,"Antioquia","Abriaqui",0,0
1,"Antioquia","Alejandria",0,0
1,"Antioquia","Amaga",0,0
1,"Antioquia","Amalfi",0,0
1,"Antioquia","Andes",0,0
1,"Antioquia","Angelopolis",0,0
1,"Antioquia","Angostura",0,0
1,"Antioquia","Anori",0,0
1,"Antioquia","Anza",0,0
1,"Antioquia","Apartado",0,0
1,"Antioquia","Arboletes",0,0
1,"Antioquia","Argelia",0,0
1,"Antioquia","Barbosa",0,0
1,"Antioquia","Bello",0,0
1,"Antioquia","Belmira",0,0
1,"Antioquia","Betania",0,0
1,"Antioquia","Betulia",0,0
1,"Antioquia","Briceno",0,0
1,"Antioquia","Buritica",0,0
1,"Antioquia","Caceres",0,0
1,"Antioquia","Caicedo",0,0
1,"Antioquia","Caldas",0,0
1,"Antioquia","Campamento",0,0
1,"Antioquia","Canasgordas",0,0
1,"Antioquia","Caracoli",0,0
1,"Antioquia","Caramanta",0,0
1,"Antioquia","Carepa",0,0
1,"Antioquia","Carolina",0,0
1,"Antioquia","Caucasia",0,0
1,"Antioquia","Chigorodo",0,0
1,"Antioquia","Cisneros",0,0
1,"Antioquia","Ciudad Bolivar",0,0
1,"Antioquia","Cocorna",0,0
1,"Antioquia","Concepcion",0,0
1,"Antioquia","Concordia",0,0
1,"Antioquia","Copacabana",0,0
1,"Antioquia","Dabeiba",0,0
1,"Antioquia","Donmatias",0,0
1,"Antioquia","Ebejico",0,0
1,"Antioquia","El Bagre",0,0
1,"Antioquia","El Carmen de Viboral",0,0
1,"Antioquia","El Santuario",0,0
1,"Antioquia","Entrerrios",0,0
1,"Antioquia","Envigado",0,0
1,"Antioquia","Fredonia",0,0
1,"Antioquia","Frontino",0,0
1,"Antioquia","Giraldo",0,0
1,"Antioquia","Girardota",0,0
1,"Antioquia","Gomez Plata",0,0
1,"Antioquia","Granada",0,0
1,"Antioquia","Guadalupe",0,0
1,"Antioquia","Guarne",0,0
1,"Antioquia","Guatape",0,0
1,"Antioquia","Heliconia",0,0
1,"Antioquia","Hispania",0,0
1,"Antioquia","Itagui",0,0
1,"Antioquia","Ituango",0,0
1,"Antioquia","Jardin",0,0
1,"Antioquia","Jerico",0,0
1,"Antioquia","La Ceja",0,0
1,"Antioquia","La Estrella",0,0
1,"Antioquia","La Pintada",0,0
1,"Antioquia","La Union",0,0
1,"Antioquia","Liborina",0,0
1,"Antioquia","Maceo",0,0
1,"Antioquia","Marinilla",0,0
1,"Antioquia","Medellin",0,0
1,"Antioquia","Montebello",0,0
1,"Antioquia","Mutata",0,0
1,"Antioquia","Narino",0,0
1,"Antioquia","Nechi",0,0
1,"Antioquia","Necocli",0,0
1,"Antioquia","Olaya",0,0
1,"Antioquia","Penol",0,0
1,"Antioquia","Pueblorrico",0,0
1,"Antioquia","Puerto Berrio",0,0
1,"Antioquia","Puerto Nare",0,0
1,"Antioquia","Puerto Triunfo",0,0
1,"Antioquia","Remedios",0,0
1,"Antioquia","Retiro",0,0
1,"Antioquia","Rionegro",0,0
1,"Antioquia","Sabanalarga",0,0
1,"Antioquia","Sabaneta",0,0
1,"Antioquia","Salgar",0,0
1,"Antioquia","San Andres de Cuerquia",0,0
1,"Antioquia","San Carlos",0,0
1,"Antioquia","San Francisco",0,0
1,"Antioquia","San Jeronimo",0,0
1,"Antioquia","San Jose de la Montana",0,0
1,"Antioquia","San Juan de Uraba",0,0
1,"Antioquia","San Luis",0,0
1,"Antioquia","San Pedro de Uraba",0,0
1,"Antioquia","San Pedro de los Milagros",0,0
1,"Antioquia","San Rafael",0,0
1,"Antioquia","San Roque",0,0
1,"Antioquia","San Vicente Ferrer",0,0
1,"Antioquia","Santa Barbara",0,0
1,"Antioquia","Santa Fe de Antioquia",0,0
1,"Antioquia","Santa Rosa de Osos",0,0
1,"Antioquia","Santo Domingo",0,0
1,"Antioquia","Segovia",0,0
1,"Antioquia","Sonson",0,0
1,"Antioquia","Sopetran",0,0
1,"Antioquia","Tamesis",0,0
1,"Antioquia","Taraza",0,0
1,"Antioquia","Tarso",0,0
1,"Antioquia","Titiribi",0,0
1,"Antioquia","Toledo",0,0
1,"Antioquia","Turbo",0,0
1,"Antioquia","Urrao",0,0
1,"Antioquia","Valdivia",0,0
1,"Antioquia","Valparaiso",0,0
1,"Antioquia","Vegachi",0,0
1,"Antioquia","Venecia",0,0
1,"Antioquia","Yali",0,0
1,"Antioquia","Yarumal",0,0
1,"Antioquia","Yolombo",0,0
1,"Antioquia","Yondo",0,0
1,"Antioquia","Zaragoza",0,0
1,"Arauca","Arauca",0,0
1,"Arauca","Arauquita",0,0
1,"Arauca","Cravo Norte",0,0
1,"Arauca","Fortul",0,0
1,"Arauca","Puerto Rondon",0,0
1,"Arauca","Saravena",0,0
1,"Arauca","Tame",0,0
1,"Archipielago de San Andres, Providencia y Santa Catalina","Providencia",0,0
1,"Archipielago de San Andres, Providencia y Santa Catalina","San Andres",0,0
1,"Atlantico","Baranoa",0,0
1,"Atlantico","Barranquilla",0,0
1,"Atlantico","Campo de la Cruz",0,0
1,"Atlantico","Candelaria",0,0
1,"Atlantico","Galapa",0,0
1,"Atlantico","Juan de Acosta",0,0
1,"Atlantico","Luruaco",0,0
1,"Atlantico","Malambo",0,0
1,"Atlantico","Palmar de Varela",0,0
1,"Atlantico","Polonuevo",0,0
1,"Atlantico","Ponedera",0,0
1,"Atlantico","Puerto Colombia",0,0
1,"Atlantico","Repelon",0,0
1,"Atlantico","Sabanagrande",0,0
1,"Atlantico","Sabanalarga",1.94737142857143,1.10202857142857
1,"Atlantico","Santa Lucia",0,0
1,"Atlantico","Santo Tomas",0,0
1,"Atlantico","Soledad",0,0
1,"Atlantico","Suan",0,0
1,"Atlantico","Tubara",0,0
1,"Atlantico","Usiacuri",0,0
1,"Bogota, D.C.","Bogota, D.C.",0,0
1,"Bolivar","Achi",0,0
1,"Bolivar","Altos del Rosario",0,0
1,"Bolivar","Arenal",0,0
1,"Bolivar","Arjona",0,0
1,"Bolivar","Barranco de Loba",0,0
1,"Bolivar","Calamar",0,0
1,"Bolivar","Cantagallo",0,0
1,"Bolivar","Cartagena de Indias",0,0
1,"Bolivar","Cicuco",0,0
1,"Bolivar","Clemencia",0,0
1,"Bolivar","Cordoba",0,0
1,"Bolivar","El Carmen de Bolivar",0,0
1,"Bolivar","El Guamo",0,0
1,"Bolivar","El Penon",0,0
1,"Bolivar","Hatillo de Loba",0,0
1,"Bolivar","Magangue",0,0
1,"Bolivar","Mahates",0,0
1,"Bolivar","Maria La Baja",0,0
1,"Bolivar","Mompos",0,0
1,"Bolivar","Montecristo",0,0
1,"Bolivar","Morales",0,0
1,"Bolivar","Norosi",0,0
1,"Bolivar","Pinillos",0,0
1,"Bolivar","Regidor",0,0
1,"Bolivar","Rio Viejo",0,0
1,"Bolivar","San Estanislao",0,0
1,"Bolivar","San Fernando",0,0
1,"Bolivar","San Jacinto",0,0
1,"Bolivar","San Juan Nepomuceno",0,0
1,"Bolivar","San Martin de Loba",0,0
1,"Bolivar","San Pablo",0,0
1,"Bolivar","Santa Catalina",0,0
1,"Bolivar","Santa Rosa",0,0
1,"Bolivar","Santa Rosa del Sur",0,0
1,"Bolivar","Simiti",0,0
1,"Bolivar","Talaigua Nuevo",0,0
1,"Bolivar","Tiquisio",0,0
1,"Bolivar","Turbaco",0,0
1,"Bolivar","Turbana",0,0
1,"Bolivar","Villanueva",0,0
1,"Bolivar","Zambrano",0,0
1,"Boyaca","Almeida",0,0
1,"Boyaca","Arcabuco",0,0
1,"Boyaca","Belen",0,0
1,"Boyaca","Caldas",-13.3879038461538,-5.24746153846154
1,"Boyaca","Cerinza",0,0
1,"Boyaca","Chinavita",0,0
1,"Boyaca","Chiquinquira",0,0
1,"Boyaca","Chitaraque",0,0
1,"Boyaca","Chivata",0,0
1,"Boyaca","Cienega",0,0
1,"Boyaca","Combita",0,0
1,"Boyaca","Coper",0,0
1,"Boyaca","Corrales",0,0
1,"Boyaca","Covarachia",0,0
1,"Boyaca","Cubara",0,0
1,"Boyaca","Cucaita",0,0
1,"Boyaca","Cuitiva",0,0
1,"Boyaca","Duitama",0,0
1,"Boyaca","El Cocuy",0,0
1,"Boyaca","El Espino",0,0
1,"Boyaca","Firavitoba",0,0
1,"Boyaca","Gachantiva",0,0
1,"Boyaca","Gameza",0,0
1,"Boyaca","Garagoa",0,0
1,"Boyaca","Guacamayas",0,0
1,"Boyaca","Guateque",0,0
1,"Boyaca","Guican de la Sierra",0,0
1,"Boyaca","Iza",0,0
1,"Boyaca","Jenesano",0,0
1,"Boyaca","Labranzagrande",0,0
1,"Boyaca","Macanal",0,0
1,"Boyaca","Miraflores",0,0
1,"Boyaca","Moniquira",0,0
1,"Boyaca","Motavita",0,0
1,"Boyaca","Muzo",0,0
1,"Boyaca","Nobsa",0,0
1,"Boyaca","Nuevo Colon",0,0
1,"Boyaca","Oicata",0,0
1,"Boyaca","Pachavita",0,0
1,"Boyaca","Paez",0,0
1,"Boyaca","Paipa",0,0
1,"Boyaca","Panqueba",0,0
1,"Boyaca","Pesca",0,0
1,"Boyaca","Pisba",0,0
1,"Boyaca","Puerto Boyaca",0,0
1,"Boyaca","Quipama",0,0
1,"Boyaca","Ramiriqui",0,0
1,"Boyaca","Raquira",0,0
1,"Boyaca","Saboya",0,0
1,"Boyaca","Sachica",0,0
1,"Boyaca","Samaca",0,0
1,"Boyaca","San Jose de Pare",0,0
1,"Boyaca","San Luis de Gaceno",0,0
1,"Boyaca","San Mateo",0,0
1,"Boyaca","San Miguel de Sema",0,0
1,"Boyaca","Santa Rosa de Viterbo",0,0
1,"Boyaca","Santa Sofia",0,0
1,"Boyaca","Santana",0,0
1,"Boyaca","Siachoque",0,0
1,"Boyaca","Soata",0,0
1,"Boyaca","Socha",0,0
1,"Boyaca","Socota",0,0
1,"Boyaca","Sogamoso",0,0
1,"Boyaca","Somondoco",0,0
1,"Boyaca","Sora",0,0
1,"Boyaca","Soraca",0,0
1,"Boyaca","Sotaquira",0,0
1,"Boyaca","Sutamarchan",0,0
1,"Boyaca","Tasco",0,0
1,"Boyaca","Tibana",0,0
1,"Boyaca","Tibasosa",0,0
1,"Boyaca","Tinjaca",0,0
1,"Boyaca","Toca",0,0
1,"Boyaca","Topaga",0,0
1,"Boyaca","Tota",0,0
1,"Boyaca","Tunja",0,0
1,"Boyaca","Tuta",0,0
1,"Boyaca","Umbita",0,0
1,"Boyaca","Ventaquemada",0,0
1,"Boyaca","Villa de Leyva",0,0
1,"Caldas","Aguadas",0,0
1,"Caldas","Anserma",0,0
1,"Caldas","Aranzazu",0,0
1,"Caldas","Belalcazar",0,0
1,"Caldas","Chinchina",0,0
1,"Caldas","Filadelfia",0,0
1,"Caldas","La Dorada",0,0
1,"Caldas","La Merced",0,0
1,"Caldas","Manizales",0,0
1,"Caldas","Manzanares",0,0
1,"Caldas","Marmato",0,0
1,"Caldas","Marquetalia",0,0
1,"Caldas","Marulanda",0,0
1,"Caldas","Neira",0,0
1,"Caldas","Norcasia",0,0
1,"Caldas","Pacora",0,0
1,"Caldas","Palestina",0,0
1,"Caldas","Pensilvania",0,0
1,"Caldas","Riosucio",0,0
1,"Caldas","Risaralda",0,0
1,"Caldas","Salamina",0,0
1,"Caldas","Samana",0,0
1,"Caldas","San Jose",0,0
1,"Caldas","Supia",0,0
1,"Caldas","Victoria",0,0
1,"Caldas","Villamaria",0,0
1,"Caldas","Viterbo",0,0
1,"Caqueta","Albania",0,0
1,"Caqueta","Belen de los Andaquies",0,0
1,"Caqueta","Cartagena del Chaira",0,0
1,"Caqueta","El Doncello",0,0
1,"Caqueta","El Paujil",0,0
1,"Caqueta","Florencia",0,0
1,"Caqueta","La Montanita",0,0
1,"Caqueta","Milan",0,0
1,"Caqueta","Morelia",0,0
1,"Caqueta","Puerto Rico",0,0
1,"Caqueta","San Jose del Fragua",0,0
1,"Caqueta","San Vicente del Caguan",0,0
1,"Caqueta","Solita",0,0
1,"Caqueta","Valparaiso",1.11552631578947,2.55210526315789
1,"Casanare","Aguazul",0,0
1,"Casanare","Hato Corozal",0,0
1,"Casanare","Mani",0,0
1,"Casanare","Monterrey",0,0
1,"Casanare","Nunchia",0,0
1,"Casanare","Orocue",0,0
1,"Casanare","Paz de Ariporo",0,0
1,"Casanare","Pore",0,0
1,"Casanare","Sabanalarga",1.78592857142857,-1.29430357142857
1,"Casanare","San Luis de Palenque",0,0
1,"Casanare","Tamara",0,0
1,"Casanare","Tauramena",0,0
1,"Casanare","Trinidad",0,0
1,"Casanare","Villanueva",-13.110241572327,-14.6798993710692
1,"Casanare","Yopal",0,0
1,"Cauca","Almaguer",0,0
1,"Cauca","Argelia",2.59074418604651,4.10367372093023
1,"Cauca","Balboa",0,0
1,"Cauca","Bolivar",0,0
1,"Cauca","Buenos Aires",0,0
1,"Cauca","Cajibio",0,0
1,"Cauca","Caldono",0,0
1,"Cauca","Caloto",0,0
1,"Cauca","Corinto",0,0
1,"Cauca","El Tambo",0,0
1,"Cauca","Florencia",4.36197524752475,3.15098514851485
1,"Cauca","Guachene",0,0
1,"Cauca","Guapi",0,0
1,"Cauca","Inza",0,0
1,"Cauca","Jambalo",0,0
1,"Cauca","La Sierra",0,0
1,"Cauca","La Vega",0,0
1,"Cauca","Lopez de Micay",0,0
1,"Cauca","Mercaderes",0,0
1,"Cauca","Miranda",0,0
1,"Cauca","Morales",1.90245770114943,1.83010344827586
1,"Cauca","Padilla",0,0
1,"Cauca","Paez",1.55991666666667,0.546916666666667
1,"Cauca","Patia",0,0
1,"Cauca","Piamonte",0,0
1,"Cauca","Piendamo - Tunia",0,0
1,"Cauca","Popayan",0,0
1,"Cauca","Puerto Tejada",0,0
1,"Cauca","Purace",0,0
1,"Cauca","Rosas",0,0
1,"Cauca","San Sebastian",0,0
1,"Cauca","Santa Rosa",5.93379166666667,0.803208333333333
1,"Cauca","Santander de Quilichao",0,0
1,"Cauca","Silvia",0,0
1,"Cauca","Sotara - Paispamba",0,0
1,"Cauca","Suarez",0,0
1,"Cauca","Sucre",0,0
1,"Cauca","Timbio",0,0
1,"Cauca","Timbiqui",0,0
1,"Cauca","Toribio",0,0
1,"Cauca","Totoro",0,0
1,"Cauca","Villa Rica",0,0
1,"Cesar","Aguachica",0,0
1,"Cesar","Agustin Codazzi",0,0
1,"Cesar","Becerril",0,0
1,"Cesar","Bosconia",0,0
1,"Cesar","Chimichagua",0,0
1,"Cesar","Chiriguana",0,0
1,"Cesar","Curumani",0,0
1,"Cesar","El Copey",0,0
1,"Cesar","El Paso",0,0
1,"Cesar","Gamarra",0,0
1,"Cesar","La Gloria",0,0
1,"Cesar","La Jagua de Ibirico",0,0
1,"Cesar","La Paz",0,0
1,"Cesar","Manaure Balcon del Cesar",0,0
1,"Cesar","Pailitas",0,0
1,"Cesar","Pelaya",0,0
1,"Cesar","Pueblo Bello",0,0
1,"Cesar","Rio de Oro",0,0
1,"Cesar","San Alberto",0,0
1,"Cesar","San Diego",0,0
1,"Cesar","San Martin",0,0
1,"Cesar","Tamalameque",0,0
1,"Cesar","Valledupar",0,0
1,"Choco","Acandi",0,0
1,"Choco","Atrato",0,0
1,"Choco","Bahia Solano",0,0
1,"Choco","Bajo Baudo",0,0
1,"Choco","Certegui",0,0
1,"Choco","Condoto",0,0
1,"Choco","El Canton del San Pablo",0,0
1,"Choco","El Carmen de Atrato",0,0
1,"Choco","El Litoral del San Juan",0,0
1,"Choco","Istmina",0,0
1,"Choco","Lloro",0,0
1,"Choco","Medio Baudo",0,0
1,"Choco","Medio San Juan",0,0
1,"Choco","Novita",0,0
1,"Choco","Nuqui",0,0
1,"Choco","Quibdo",0,0
1,"Choco","Rio Quito",0,0
1,"Choco","Riosucio",1.83867109634551,0.801691029900332
1,"Choco","Tado",0,0
1,"Choco","Unguia",0,0
1,"Choco","Union Panamericana",0,0
1,"Cordoba","Ayapel",0,0
1,"Cordoba","Buenavista",0,0
1,"Cordoba","Canalete",0,0
1,"Cordoba","Cerete",0,0
1,"Cordoba","Chima",0,0
1,"Cordoba","Chinu",0,0
1,"Cordoba","Cienaga de Oro",0,0
1,"Cordoba","Cotorra",0,0
1,"Cordoba","La Apartada",0,0
1,"Cordoba","Lorica",0,0
1,"Cordoba","Los Cordobas",0,0
1,"Cordoba","Momil",0,0
1,"Cordoba","Monitos",0,0
1,"Cordoba","Montelibano",0,0
1,"Cordoba","Monteria",0,0
1,"Cordoba","Planeta Rica",0,0
1,"Cordoba","Pueblo Nuevo",0,0
1,"Cordoba","Puerto Escondido",0,0
1,"Cordoba","Puerto Libertador",0,0
1,"Cordoba","Purisima de la Concepcion",0,0
1,"Cordoba","Sahagun",0,0
1,"Cordoba","San Andres de Sotavento",0,0
1,"Cordoba","San Antero",0,0
1,"Cordoba","San Bernardo del Viento",0,0
1,"Cordoba","San Carlos",6.35711428571429,2.12733333333333
1,"Cordoba","San Pelayo",0,0
1,"Cordoba","Tierralta",0,0
1,"Cordoba","Tuchin",0,0
1,"Cordoba","Valencia",0,0
1,"Cundinamarca","Agua de Dios",0,0
1,"Cundinamarca","Alban",0,0
1,"Cundinamarca","Anapoima",0,0
1,"Cundinamarca","Anolaima",0,0
1,"Cundinamarca","Apulo",0,0
1,"Cundinamarca","Arbelaez",0,0
1,"Cundinamarca","Beltran",0,0
1,"Cundinamarca","Bituima",0,0
1,"Cundinamarca","Bojaca",0,0
1,"Cundinamarca","Cabrera",0,0
1,"Cundinamarca","Cachipay",0,0
1,"Cundinamarca","Cajica",0,0
1,"Cundinamarca","Caparrapi",0,0
1,"Cundinamarca","Caqueza",0,0
1,"Cundinamarca","Carmen de Carupa",0,0
1,"Cundinamarca","Chaguani",0,0
1,"Cundinamarca","Chia",0,0
1,"Cundinamarca","Chipaque",0,0
1,"Cundinamarca","Choachi",0,0
1,"Cundinamarca","Choconta",0,0
1,"Cundinamarca","Cogua",0,0
1,"Cundinamarca","Cota",0,0
1,"Cundinamarca","Cucunuba",0,0
1,"Cundinamarca","El Colegio",0,0
1,"Cundinamarca","El Penon",-0.415500000000001,6.69316666666667
1,"Cundinamarca","El Rosal",0,0
1,"Cundinamarca","Facatativa",0,0
1,"Cundinamarca","Fomeque",0,0
1,"Cundinamarca","Fosca",0,0
1,"Cundinamarca","Funza",0,0
1,"Cundinamarca","Fuquene",0,0
1,"Cundinamarca","Fusagasuga",0,0
1,"Cundinamarca","Gachala",0,0
1,"Cundinamarca","Gachancipa",0,0
1,"Cundinamarca","Gacheta",0,0
1,"Cundinamarca","Girardot",0,0
1,"Cundinamarca","Granada",-6.24779166666667,1.65058333333333
1,"Cundinamarca","Guacheta",0,0
1,"Cundinamarca","Guaduas",0,0
1,"Cundinamarca","Guasca",0,0
1,"Cundinamarca","Guatavita",0,0
1,"Cundinamarca","Guayabetal",0,0
1,"Cundinamarca","Jerusalen",0,0
1,"Cundinamarca","Junin",0,0
1,"Cundinamarca","La Calera",0,0
1,"Cundinamarca","La Mesa",0,0
1,"Cundinamarca","La Palma",0,0
1,"Cundinamarca","La Pena",0,0
1,"Cundinamarca","La Vega",-0.75956707936508,-5.34845980952381
1,"Cundinamarca","Lenguazaque",0,0
1,"Cundinamarca","Macheta",0,0
1,"Cundinamarca","Madrid",0,0
1,"Cundinamarca","Manta",0,0
1,"Cundinamarca","Medina",0,0
1,"Cundinamarca","Mosquera",0,0
1,"Cundinamarca","Narino",-4.101,-11.0461111111111
1,"Cundinamarca","Nemocon",0,0
1,"Cundinamarca","Nilo",0,0
1,"Cundinamarca","Nimaima",0,0
1,"Cundinamarca","Nocaima",0,0
1,"Cundinamarca","Pacho",0,0
1,"Cundinamarca","Pandi",0,0
1,"Cundinamarca","Paratebueno",0,0
1,"Cundinamarca","Pasca",0,0
1,"Cundinamarca","Puerto Salgar",0,0
1,"Cundinamarca","Puli",0,0
1,"Cundinamarca","Quebradanegra",0,0
1,"Cundinamarca","Quetame",0,0
1,"Cundinamarca","Ricaurte",0,0
1,"Cundinamarca","San Antonio del Tequendama",0,0
1,"Cundinamarca","San Bernardo",0,0
1,"Cundinamarca","San Francisco",2.04900976190476,0.594700238095238
1,"Cundinamarca","Sasaima",0,0
1,"Cundinamarca","Sesquile",0,0
1,"Cundinamarca","Sibate",0,0
1,"Cundinamarca","Silvania",0,0
1,"Cundinamarca","Simijaca",0,0
1,"Cundinamarca","Soacha",0,0
1,"Cundinamarca","Sopo",0,0
1,"Cundinamarca","Subachoque",0,0
1,"Cundinamarca","Suesca",0,0
1,"Cundinamarca","Supata",0,0
1,"Cundinamarca","Susa",0,0
1,"Cundinamarca","Sutatausa",0,0
1,"Cundinamarca","Tabio",0,0
1,"Cundinamarca","Tausa",0,0
1,"Cundinamarca","Tena",0,0
1,"Cundinamarca","Tenjo",0,0
1,"Cundinamarca","Tibacuy",0,0
1,"Cundinamarca","Tibirita",0,0
1,"Cundinamarca","Tocaima",0,0
1,"Cundinamarca","Tocancipa",0,0
1,"Cundinamarca","Topaipi",0,0
1,"Cundinamarca","Ubala",0,0
1,"Cundinamarca","Ubaque",0,0
1,"Cundinamarca","Une",0,0
1,"Cundinamarca","Utica",0,0
1,"Cundinamarca","Venecia",-5.8341380882353,0.045426470588235
1,"Cundinamarca","Vergara",0,0
1,"Cundinamarca","Viani",0,0
1,"Cundinamarca","Villa de San Diego de Ubate",0,0
1,"Cundinamarca","Villagomez",0,0
1,"Cundinamarca","Villapinzon",0,0
1,"Cundinamarca","Villeta",0,0
1,"Cundinamarca","Viota",0,0
1,"Cundinamarca","Yacopi",0,0
1,"Cundinamarca","Zipacon",0,0
1,"Cundinamarca","Zipaquira",0,0
1,"Guainia","Inirida",0,0
1,"Guaviare","Calamar",-1.983427,4.3641
1,"Guaviare","El Retorno",0,0
1,"Guaviare","San Jose del Guaviare",0,0
1,"Huila","Acevedo",0,0
1,"Huila","Agrado",0,0
1,"Huila","Aipe",0,0
1,"Huila","Algeciras",0,0
1,"Huila","Altamira",0,0
1,"Huila","Baraya",0,0
1,"Huila","Campoalegre",0,0
1,"Huila","Colombia",0,0
1,"Huila","Elias",0,0
1,"Huila","Garzon",0,0
1,"Huila","Gigante",0,0
1,"Huila","Guadalupe",-2.27451515151515,5.18696878787879
1,"Huila","Hobo",0,0
1,"Huila","Iquira",0,0
1,"Huila","Isnos",0,0
1,"Huila","La Argentina",0,0
1,"Huila","La Plata",0,0
1,"Huila","Nataga",0,0
1,"Huila","Neiva",0,0
1,"Huila","Oporapa",0,0
1,"Huila","Paicol",0,0
1,"Huila","Palermo",0,0
1,"Huila","Palestina",-2.12185714285714,0.0471571428571429
1,"Huila","Pital",0,0
1,"Huila","Pitalito",0,0
1,"Huila","Rivera",0,0
1,"Huila","Saladoblanco",0,0
1,"Huila","San Agustin",0,0
1,"Huila","Santa Maria",0,0
1,"Huila","Suaza",0,0
1,"Huila","Tarqui",0,0
1,"Huila","Tello",0,0
1,"Huila","Teruel",0,0
1,"Huila","Tesalia",0,0
1,"Huila","Timana",0,0
1,"Huila","Villavieja",0,0
1,"Huila","Yaguara",0,0
1,"La Guajira","Albania",-1.0542,-0.99655
1,"La Guajira","Barrancas",0,0
1,"La Guajira","Dibulla",0,0
1,"La Guajira","Distraccion",0,0
1,"La Guajira","Fonseca",0,0
1,"La Guajira","Hatonuevo",0,0
1,"La Guajira","Maicao",0,0
1,"La Guajira","Manaure",0,0
1,"La Guajira","Riohacha",0,0
1,"La Guajira","San Juan del Cesar",0,0
1,"La Guajira","Uribia",0,0
1,"La Guajira","Urumita",0,0
1,"La Guajira","Villanueva",-1.55305795148248,-4.05357681940701
1,"Magdalena","Algarrobo",0,0
1,"Magdalena","Aracataca",0,0
1,"Magdalena","Ariguani",0,0
1,"Magdalena","Cerro de San Antonio",0,0
1,"Magdalena","Chivolo",0,0
1,"Magdalena","Cienaga",0,0
1,"Magdalena","El Banco",0,0
1,"Magdalena","El Pinon",0,0
1,"Magdalena","El Reten",0,0
1,"Magdalena","Fundacion",0,0
1,"Magdalena","Nueva Granada",0,0
1,"Magdalena","Pedraza",0,0
1,"Magdalena","Pijino del Carmen",0,0
1,"Magdalena","Pivijay",0,0
1,"Magdalena","Plato",0,0
1,"Magdalena","Puebloviejo",0,0
1,"Magdalena","Sabanas de San Angel",0,0
1,"Magdalena","San Sebastian de Buenavista",0,0
1,"Magdalena","San Zenon",0,0
1,"Magdalena","Santa Ana",0,0
1,"Magdalena","Santa Marta",0,0
1,"Magdalena","Sitionuevo",0,0
1,"Magdalena","Tenerife",0,0
1,"Magdalena","Zona Bananera",0,0
1,"Meta","Acacias",0,0
1,"Meta","Barranca de Upia",0,0
1,"Meta","Cabuyaro",0,0
1,"Meta","Castilla la Nueva",0,0
1,"Meta","Cubarral",0,0
1,"Meta","Cumaral",0,0
1,"Meta","El Calvario",0,0
1,"Meta","El Castillo",0,0
1,"Meta","El Dorado",0,0
1,"Meta","Fuente de Oro",0,0
1,"Meta","Granada",-5.12085451977401,-5.5490918079096
1,"Meta","Guamal",0,0
1,"Meta","La Macarena",0,0
1,"Meta","Lejanias",0,0
1,"Meta","Mapiripan",0,0
1,"Meta","Mesetas",0,0
1,"Meta","Puerto Concordia",0,0
1,"Meta","Puerto Gaitan",0,0
1,"Meta","Puerto Lopez",0,0
1,"Meta","Puerto Rico",-7.631375,1.026
1,"Meta","Restrepo",0,0
1,"Meta","San Carlos de Guaroa",0,0
1,"Meta","San Juan de Arama",0,0
1,"Meta","San Martin",1.19929086894587,1.76431196581197
1,"Meta","Uribe",0,0
1,"Meta","Villavicencio",0,0
1,"Meta","Vistahermosa",0,0
1,"Narino","Alban",-4.59276866666667,-5.68216491666667
1,"Narino","Aldana",0,0
1,"Narino","Ancuya",0,0
1,"Narino","Arboleda",0,0
1,"Narino","Barbacoas",0,0
1,"Narino","Belen",4.317,2.577
1,"Narino","Buesaco",0,0
1,"Narino","Chachagui",0,0
1,"Narino","Colon",0,0
1,"Narino","Consaca",0,0
1,"Narino","Contadero",0,0
1,"Narino","Cordoba",-1.118,-2.01383333333333
1,"Narino","Cuaspud Carlosama",0,0
1,"Narino","Cumbal",0,0
1,"Narino","Cumbitara",0,0
1,"Narino","El Charco",0,0
1,"Narino","El Penol",0,0
1,"Narino","El Rosario",0,0
1,"Narino","El Tablon de Gomez",0,0
1,"Narino","El Tambo",4.43542648148148,2.14802648148148
1,"Narino","Francisco Pizarro",0,0
1,"Narino","Funes",0,0
1,"Narino","Guachucal",0,0
1,"Narino","Guaitarilla",0,0
1,"Narino","Gualmatan",0,0
1,"Narino","Iles",0,0
1,"Narino","Imues",0,0
1,"Narino","Ipiales",0,0
1,"Narino","La Cruz",0,0
1,"Narino","La Florida",0,0
1,"Narino","La Llanada",0,0
1,"Narino","La Tola",0,0
1,"Narino","La Union",-4.30403515064562,-4.05878837876614
1,"Narino","Leiva",0,0
1,"Narino","Linares",0,0
1,"Narino","Los Andes",0,0
1,"Narino","Magui",0,0
1,"Narino","Mallama",0,0
1,"Narino","Mosquera",-18.269010989011,-4.19058131868132
1,"Narino","Narino",6.0916,0.2826
1,"Narino","Olaya Herrera",0,0
1,"Narino","Ospina",0,0
1,"Narino","Pasto",0,0
1,"Narino","Policarpa",0,0
1,"Narino","Potosi",0,0
1,"Narino","Providencia",0.07592,-0.601277777777778
1,"Narino","Puerres",0,0
1,"Narino","Pupiales",0,0
1,"Narino","Ricaurte",-4.84186338983051,-2.87434745762712
1,"Narino","Roberto Payan",0,0
1,"Narino","Samaniego",0,0
1,"Narino","San Andres de Tumaco",0,0
1,"Narino","San Bernardo",-1.16904541666667,-1.049
1,"Narino","San Lorenzo",0,0
1,"Narino","San Pablo",0.755381879699248,1.46263157894737
1,"Narino","San Pedro de Cartago",0,0
1,"Narino","Sandona",0,0
1,"Narino","Santa Barbara",0.137388888888888,4.10435714285714
1,"Narino","Santacruz",0,0
1,"Narino","Sapuyes",0,0
1,"Narino","Taminango",0,0
1,"Narino","Tangua",0,0
1,"Narino","Tuquerres",0,0
1,"Narino","Yacuanquer",0,0
1,"Norte de Santander","Abrego",0,0
1,"Norte de Santander","Arboledas",0,0
1,"Norte de Santander","Bochalema",0,0
1,"Norte de Santander","Bucarasica",0,0
1,"Norte de Santander","Cacota",0,0
1,"Norte de Santander","Chinacota",0,0
1,"Norte de Santander","Chitaga",0,0
1,"Norte de Santander","Cucutilla",0,0
1,"Norte de Santander","Durania",0,0
1,"Norte de Santander","El Tarra",0,0
1,"Norte de Santander","El Zulia",0,0
1,"Norte de Santander","Gramalote",0,0
1,"Norte de Santander","Hacari",0,0
1,"Norte de Santander","Herran",0,0
1,"Norte de Santander","La Esperanza",0,0
1,"Norte de Santander","La Playa",0,0
1,"Norte de Santander","Labateca",0,0
1,"Norte de Santander","Los Patios",0,0
1,"Norte de Santander","Lourdes",0,0
1,"Norte de Santander","Mutiscua",0,0
1,"Norte de Santander","Ocana",0,0
1,"Norte de Santander","Pamplona",0,0
1,"Norte de Santander","Pamplonita",0,0
1,"Norte de Santander","Puerto Santander",0,0
1,"Norte de Santander","Ragonvalia",0,0
1,"Norte de Santander","Salazar",0,0
1,"Norte de Santander","San Calixto",0,0
1,"Norte de Santander","San Cayetano",0,0
1,"Norte de Santander","San Jose de Cucuta",0,0
1,"Norte de Santander","Santiago",0,0
1,"Norte de Santander","Sardinata",0,0
1,"Norte de Santander","Silos",0,0
1,"Norte de Santander","Teorama",0,0
1,"Norte de Santander","Tibu",0,0
1,"Norte de Santander","Toledo",-0.568,0.467333333333333
1,"Norte de Santander","Villa Caro",0,0
1,"Norte de Santander","Villa del Rosario",0,0
1,"Putumayo","Colon",-1.23064583333333,-1.133125
1,"Putumayo","Mocoa",0,0
1,"Putumayo","Orito",0,0
1,"Putumayo","Puerto Asis",0,0
1,"Putumayo","Puerto Caicedo",0,0
1,"Putumayo","Puerto Guzman",0,0
1,"Putumayo","Puerto Leguizamo",0,0
1,"Putumayo","San Francisco",4.63686523809524,2.67067476190476
1,"Putumayo","San Miguel",0,0
1,"Putumayo","Santiago",-2.98116666666667,1.4515
1,"Putumayo","Sibundoy",0,0
1,"Putumayo","Valle del Guamuez",0,0
1,"Putumayo","Villagarzon",0,0
1,"Quindio","Armenia",0,0
1,"Quindio","Buenavista",-10.15925,0.4215
1,"Quindio","Calarca",0,0
1,"Quindio","Circasia",0,0
1,"Quindio","Cordoba",-1.20809980392157,1.75893137254902
1,"Quindio","Filandia",0,0
1,"Quindio","Genova",0,0
1,"Quindio","La Tebaida",0,0
1,"Quindio","Montenegro",0,0
1,"Quindio","Pijao",0,0
1,"Quindio","Quimbaya",0,0
1,"Quindio","Salento",0,0
1,"Risaralda","Apia",0,0
1,"Risaralda","Balboa",4.8948,-0.880525
1,"Risaralda","Belen de Umbria",0,0
1,"Risaralda","Dosquebradas",0,0
1,"Risaralda","Guatica",0,0
1,"Risaralda","La Celia",0,0
1,"Risaralda","La Virginia",0,0
1,"Risaralda","Marsella",0,0
1,"Risaralda","Mistrato",0,0
1,"Risaralda","Pereira",0,0
1,"Risaralda","Pueblo Rico",0,0
1,"Risaralda","Quinchia",0,0
1,"Risaralda","Santa Rosa de Cabal",0,0
1,"Risaralda","Santuario",0,0
1,"Santander","Aratoca",0,0
1,"Santander","Barbosa",-5.70981865104042,-4.77400719445108
1,"Santander","Barichara",0,0
1,"Santander","Barrancabermeja",0,0
1,"Santander","Betulia",1.09438888888889,3.15018055555556
1,"Santander","Bolivar",9.22415885714286,9.66784285714286
1,"Santander","Bucaramanga",0,0
1,"Santander","Cabrera",-9.047485,-14.159
1,"Santander","California",0,0
1,"Santander","Capitanejo",0,0
1,"Santander","Carcasi",0,0
1,"Santander","Cepita",0,0
1,"Santander","Cerrito",0,0
1,"Santander","Charala",0,0
1,"Santander","Charta",0,0
1,"Santander","Chima",-6.764,1.488
1,"Santander","Chipata",0,0
1,"Santander","Cimitarra",0,0
1,"Santander","Concepcion",-8.91625,2.28
1,"Santander","Confines",0,0
1,"Santander","Contratacion",0,0
1,"Santander","Coromoro",0,0
1,"Santander","Curiti",0,0
1,"Santander","El Carmen de Chucuri",0,0
1,"Santander","El Guacamayo",0,0
1,"Santander","El Penon",6.0395,-2.87716666666667
1,"Santander","El Playon",0,0
1,"Santander","Encino",0,0
1,"Santander","Enciso",0,0
1,"Santander","Florian",0,0
1,"Santander","Floridablanca",0,0
1,"Santander","Galan",0,0
1,"Santander","Gambita",0,0
1,"Santander","Giron",0,0
1,"Santander","Guaca",0,0
1,"Santander","Guadalupe",-2.97548484848485,-8.97630212121212
1,"Santander","Guapota",0,0
1,"Santander","Guavata",0,0
1,"Santander","Guepsa",0,0
1,"Santander","Hato",0,0
1,"Santander","Jesus Maria",0,0
1,"Santander","La Belleza",0,0
1,"Santander","La Paz",5.92153333333333,-0.0270646666666661
1,"Santander","Landazuri",0,0
1,"Santander","Lebrija",0,0
1,"Santander","Los Santos",0,0
1,"Santander","Malaga",0,0
1,"Santander","Matanza",0,0
1,"Santander","Mogotes",0,0
1,"Santander","Molagavita",0,0
1,"Santander","Ocamonte",0,0
1,"Santander","Oiba",0,0
1,"Santander","Onzaga",0,0
1,"Santander","Palmar",0,0
1,"Santander","Palmas del Socorro",0,0
1,"Santander","Paramo",0,0
1,"Santander","Piedecuesta",0,0
1,"Santander","Pinchote",0,0
1,"Santander","Puente Nacional",0,0
1,"Santander","Puerto Parra",0,0
1,"Santander","Puerto Wilches",0,0
1,"Santander","Rionegro",-8.74259908596996,-7.34609538670502
1,"Santander","Sabana de Torres",0,0
1,"Santander","San Andres",1.13350382352941,1.58045588235294
1,"Santander","San Benito",0,0
1,"Santander","San Gil",0,0
1,"Santander","San Joaquin",0,0
1,"Santander","San Jose de Miranda",0,0
1,"Santander","San Miguel",-12.6517121428571,-0.358642857142857
1,"Santander","San Vicente de Chucuri",0,0
1,"Santander","Santa Helena del Opon",0,0
1,"Santander","Simacota",0,0
1,"Santander","Socorro",0,0
1,"Santander","Suaita",0,0
1,"Santander","Sucre",8.625,7.6245
1,"Santander","Surata",0,0
1,"Santander","Tona",0,0
1,"Santander","Valle de San Jose",0,0
1,"Santander","Velez",0,0
1,"Santander","Vetas",0,0
1,"Santander","Villanueva",3.71953759398496,7.17761654135338
1,"Santander","Zapatoca",0,0
1,"Sucre","Caimito",0,0
1,"Sucre","Chalan",0,0
1,"Sucre","Coloso",0,0
1,"Sucre","Corozal",0,0
1,"Sucre","Covenas",0,0
1,"Sucre","El Roble",0,0
1,"Sucre","Los Palmitos",0,0
1,"Sucre","Majagual",0,0
1,"Sucre","Morroa",0,0
1,"Sucre","Ovejas",0,0
1,"Sucre","Palmito",0,0
1,"Sucre","Sampues",0,0
1,"Sucre","San Benito Abad",0,0
1,"Sucre","San Jose de Toluviejo",0,0
1,"Sucre","San Juan de Betulia",0,0
1,"Sucre","San Luis de Since",0,0
1,"Sucre","San Marcos",0,0
1,"Sucre","San Onofre",0,0
1,"Sucre","San Pedro",0,0
1,"Sucre","Santiago de Tolu",0,0
1,"Sucre","Sincelejo",0,0
1,"Sucre","Sucre",-10.4408333333333,-8.4035
1,"Tolima","Alpujarra",0,0
1,"Tolima","Alvarado",0,0
1,"Tolima","Ambalema",0,0
1,"Tolima","Anzoategui",0,0
1,"Tolima","Ataco",0,0
1,"Tolima","Cajamarca",0,0
1,"Tolima","Carmen de Apicala",0,0
1,"Tolima","Chaparral",0,0
1,"Tolima","Coello",0,0
1,"Tolima","Coyaima",0,0
1,"Tolima","Cunday",0,0
1,"Tolima","Dolores",0,0
1,"Tolima","Espinal",0,0
1,"Tolima","Falan",0,0
1,"Tolima","Flandes",0,0
1,"Tolima","Fresno",0,0
1,"Tolima","Guamo",0,0
1,"Tolima","Herveo",0,0
1,"Tolima","Honda",0,0
1,"Tolima","Ibague",0,0
1,"Tolima","Icononzo",0,0
1,"Tolima","Lerida",0,0
1,"Tolima","Libano",0,0
1,"Tolima","Melgar",0,0
1,"Tolima","Murillo",0,0
1,"Tolima","Natagaima",0,0
1,"Tolima","Ortega",0,0
1,"Tolima","Palocabildo",0,0
1,"Tolima","Piedras",0,0
1,"Tolima","Planadas",0,0
1,"Tolima","Prado",0,0
1,"Tolima","Purificacion",0,0
1,"Tolima","Rioblanco",0,0
1,"Tolima","Roncesvalles",0,0
1,"Tolima","Rovira",0,0
1,"Tolima","Saldana",0,0
1,"Tolima","San Antonio",0,0
1,"Tolima","San Luis",2.24268888888889,2.59391111111111
1,"Tolima","San Sebastian de Mariquita",0,0
1,"Tolima","Santa Isabel",0,0
1,"Tolima","Suarez",3.10706666666667,1.59749166666667
1,"Tolima","Valle de San Juan",0,0
1,"Tolima","Venadillo",0,0
1,"Tolima","Villahermosa",0,0
1,"Tolima","Villarrica",0,0
1,"Valle del Cauca","Alcala",0,0
1,"Valle del Cauca","Andalucia",0,0
1,"Valle del Cauca","Ansermanuevo",0,0
1,"Valle del Cauca","Argelia",12.3425891472868,-2.9943403875969
1,"Valle del Cauca","Bolivar",-9.28562121212121,-10.7997451515152
1,"Valle del Cauca","Buenaventura",0,0
1,"Valle del Cauca","Bugalagrande",0,0
1,"Valle del Cauca","Caicedonia",0,0
1,"Valle del Cauca","Cali",0,0
1,"Valle del Cauca","Calima",0,0
1,"Valle del Cauca","Candelaria",-1.46511134920635,-5.5216680952381
1,"Valle del Cauca","Cartago",0,0
1,"Valle del Cauca","Dagua",0,0
1,"Valle del Cauca","El Cairo",0,0
1,"Valle del Cauca","El Cerrito",0,0
1,"Valle del Cauca","El Dovio",0,0
1,"Valle del Cauca","Florida",0,0
1,"Valle del Cauca","Ginebra",0,0
1,"Valle del Cauca","Guacari",0,0
1,"Valle del Cauca","Guadalajara de Buga",0,0
1,"Valle del Cauca","Jamundi",0,0
1,"Valle del Cauca","La Cumbre",0,0
1,"Valle del Cauca","La Union",2.75708088235294,0.680492647058824
1,"Valle del Cauca","La Victoria",0,0
1,"Valle del Cauca","Obando",0,0
1,"Valle del Cauca","Palmira",0,0
1,"Valle del Cauca","Pradera",0,0
1,"Valle del Cauca","Restrepo",-8.48577391304348,-6.56149717391304
1,"Valle del Cauca","Riofrio",0,0
1,"Valle del Cauca","Roldanillo",0,0
1,"Valle del Cauca","San Pedro",0.472380434782609,-1.56120239130435
1,"Valle del Cauca","Sevilla",0,0
1,"Valle del Cauca","Toro",0,0
1,"Valle del Cauca","Trujillo",0,0
1,"Valle del Cauca","Tulua",0,0
1,"Valle del Cauca","Ulloa",0,0
1,"Valle del Cauca","Versalles",0,0
1,"Valle del Cauca","Vijes",0,0
1,"Valle del Cauca","Yotoco",0,0
1,"Valle del Cauca","Yumbo",0,0
1,"Valle del Cauca","Zarzal",0,0
1,"Vaupes","Mitu",0,0
1,"Vichada","Cumaribo",0,0
1,"Vichada","La Primavera",0,0
1,"Vichada","Puerto Carreno",0,0
1,"Vichada","Santa Rosalia",0,0
4,"Amazonas","Leticia",-0.991136857142857,-0.936022571428571
4,"Antioquia","Abejorral",-2.11421212121212,1.58212878787879
4,"Antioquia","Abriaqui",14.968,15.3795
4,"Antioquia","Alejandria",3.58716666666667,2.18583333333333
4,"Antioquia","Amaga",0.18754837398374,1.03281666666667
4,"Antioquia","Amalfi",0.869972222222223,-5.20580555555556
4,"Antioquia","Andes",0.307325892857143,1.31638839285714
4,"Antioquia","Angelopolis",1.54825,-2.0397
4,"Antioquia","Angostura",1.892125,1.12433333333333
4,"Antioquia","Anori",2.14211111111111,-1.48696366666667
4,"Antioquia","Anza",-3.808,2.51591666666667
4,"Antioquia","Apartado",2.39830208333333,1.84158454613095
4,"Antioquia","Arboletes",-2.84654166666667,0.17475
4,"Antioquia","Argelia",-11.2029333333333,0.0394666666666665
4,"Antioquia","Armenia",1.436603125,9.97067079545455
4,"Antioquia","Barbosa",4.68509351829706,2.47810595551304
4,"Antioquia","Bello",0.746349938829287,-0.526719584039148
4,"Antioquia","Belmira",7.39476666666667,1.1355
4,"Antioquia","Betania",-0.971083333333333,-1.19858333333333
4,"Antioquia","Betulia",-2.5265,-3.568125
4,"Antioquia","Briceno",-0.638,7.31616666666667
4,"Antioquia","Buritica",-2.50865,-5.98351333333328
4,"Antioquia","Caceres",-0.258844537815127,-0.0484747899159661
4,"Antioquia","Caicedo",-8.14075,1.04745
4,"Antioquia","Caldas",15.6256307692308,6.79343923076923
4,"Antioquia","Campamento",4.414,6.2835
4,"Antioquia","Canasgordas",-0.8848,-0.1324
4,"Antioquia","Caracoli",1.58416666666667,1.77941666666667
4,"Antioquia","Caramanta",2.63708333333333,4.03308333333333
4,"Antioquia","Carepa",-1.66179569892473,-0.759094384707288
4,"Antioquia","Carolina",-2.2265,3.683
4,"Antioquia","Caucasia",-0.666166666666665,-0.306770655270655
4,"Antioquia","Chigorodo",-3.01702142857143,-0.4061
4,"Antioquia","Cisneros",-3.56517171717172,-1.52710101010101
4,"Antioquia","Ciudad Bolivar",0.4179375,1.05954166666667
4,"Antioquia","Cocorna",-5.18508831908832,-0.257230769230769
4,"Antioquia","Concepcion",6.569375,-2.516125
4,"Antioquia","Concordia",3.6854,0.395533333333333
4,"Antioquia","Copacabana",1.98151436865022,1.72506112119013
4,"Antioquia","Dabeiba",2.819875,0.23525
4,"Antioquia","Donmatias",1.06933333333333,-0.408793333333334
4,"Antioquia","Ebejico",2.95221069230769,-1.54338461538461
4,"Antioquia","El Bagre",-1.12498260869565,-0.146302173913044
4,"Antioquia","El Carmen de Viboral",0.207858681573498,0.763078419461698
4,"Antioquia","El Santuario",-0.370892976588628,-0.153787413600892
4,"Antioquia","Entrerrios",-2.95744,-1.56978333333333
4,"Antioquia","Envigado",4.65256623526936,3.30411879559484
4,"Antioquia","Fredonia",2.85419114219114,0.634177156177157
4,"Antioquia","Frontino",0.688066666666667,-0.2854
4,"Antioquia","Giraldo",1.124,2.85708333333333
4,"Antioquia","Girardota",2.73606568627451,2.68684182146543
4,"Antioquia","Gomez Plata",-2.66504761904762,-3.36707936507937
4,"Antioquia","Granada",1.93110451977401,1.90350847457627
4,"Antioquia","Guadalupe",16.5942666666667,-1.79366666666667
4,"Antioquia","Guarne",2.96577595585485,1.41442691283203
4,"Antioquia","Guatape",1.78112357723577,0.508567398373983
4,"Antioquia","Heliconia",12.0171666666667,12.919
4,"Antioquia","Hispania",-6.00366666666667,-5.69533333333333
4,"Antioquia","Itagui",3.2002392419175,-0.422240802675585
4,"Antioquia","Ituango",3.66433333333333,5.50716666666667
4,"Antioquia","Jardin",1.36635977443608,-1.06658270676692
4,"Antioquia","Jerico",4.67298863636364,2.17589772727273
4,"Antioquia","La Ceja",0.723174517665129,0.753153672811068
4,"Antioquia","La Estrella",3.03602279713115,0.811597336065574
4,"Antioquia","La Pintada",0.758573863636363,-0.719664772727273
4,"Antioquia","La Union",3.984625,7.26548863636364
4,"Antioquia","Liborina",-5.34823148148148,-4.10876851851852
4,"Antioquia","Maceo",2.183,-0.748194444444445
4,"Antioquia","Marinilla",-0.850306978151261,0.0308310924369737
4,"Antioquia","Medellin",2.5212774061733,0.229001125891966
4,"Antioquia","Montebello",12.3895,-3.1745
4,"Antioquia","Mutata",-1.76928571428572,0.408857142857142
4,"Antioquia","Narino",-1.49831428571429,7.0674
4,"Antioquia","Nechi",2.2047,0.32305
4,"Antioquia","Necocli",-0.747958333333332,0.0367500000000001
4,"Antioquia","Olaya",-0.4476,4.47025
4,"Antioquia","Penol",-0.212201630837658,0.491978534717074
4,"Antioquia","Peque",0,0
4,"Antioquia","Pueblorrico",-2.708,3.9886
4,"Antioquia","Puerto Berrio",3.02046616541353,5.8132820802005
4,"Antioquia","Puerto Nare",-0.496272727272727,3.40940404040404
4,"Antioquia","Puerto Triunfo",-2.27173339912281,-3.53280796052632
4,"Antioquia","Remedios",-2.13325444957152,1.51074357284113
4,"Antioquia","Retiro",7.80624747376788,5.23798077901431
4,"Antioquia","Rionegro",12.6664747252747,10.6811681095931
4,"Antioquia","Sabanalarga",0.218625,2.454
4,"Antioquia","Sabaneta",2.57384615384616,0.136495527728086
4,"Antioquia","Salgar",-5.10224519230769,1.89739903846154
4,"Antioquia","San Andres de Cuerquia",-6.243,2.048
4,"Antioquia","San Carlos",-5.47839285714286,-0.637249999999999
4,"Antioquia","San Francisco",-5.99139423076923,-2.92550961538462
4,"Antioquia","San Jeronimo",-0.607413852813853,-0.87787012987013
4,"Antioquia","San Jose de la Montana",0.118833333333333,-0.556933333333333
4,"Antioquia","San Juan de Uraba",9.06686666666667,7.31206666666667
4,"Antioquia","San Luis",1.53373611111111,-0.791736111111111
4,"Antioquia","San Pedro de Uraba",4.22357142857143,-0.482571428571429
4,"Antioquia","San Pedro de los Milagros",0.431938995215311,0.253893540669857
4,"Antioquia","San Rafael",-1.34431612903226,-1.40040860215054
4,"Antioquia","San Roque",-2.34934722222222,0.146973888888889
4,"Antioquia","San Vicente Ferrer",1.78503336738168,1.46890506298944
4,"Antioquia","Santa Barbara",3.20957894736842,-3.8068045112782
4,"Antioquia","Santa Fe de Antioquia",2.05452770885029,1.23834753515302
4,"Antioquia","Santa Rosa de Osos",-1.17937672366244,0.203627137341423
4,"Antioquia","Santo Domingo",-0.339084848484847,-1.51652121212121
4,"Antioquia","Segovia",-2.17793783068783,-2.20211111111111
4,"Antioquia","Sonson",-3.23983525345622,-0.507322661290323
4,"Antioquia","Sopetran",0.359415151515152,-1.87793636363636
4,"Antioquia","Tamesis",0.997329004329004,-0.0338138528138527
4,"Antioquia","Taraza",-0.343875,-5.81661249999997
4,"Antioquia","Tarso",2.07676388888889,-1.71354166666667
4,"Antioquia","Titiribi",-6.162697,1.3809
4,"Antioquia","Toledo",15.61575,13.781
4,"Antioquia","Turbo",-0.502531819635434,-0.795787655900224
4,"Antioquia","Uramita",0,0
4,"Antioquia","Urrao",-2.61670196078431,-0.607666666666667
4,"Antioquia","Valdivia",-4.20296212121212,-0.564234848484849
4,"Antioquia","Valparaiso",0.718,-1.1338
4,"Antioquia","Vegachi",7.60690833333332,6.22538055555555
4,"Antioquia","Venecia",9.0057575,-1.54485
4,"Antioquia","Vigia del Fuerte",0,0
4,"Antioquia","Yali",-3.784725,0.898525
4,"Antioquia","Yarumal",-0.214688620689655,1.32389655172414
4,"Antioquia","Yolombo",0.336023809523809,0.710297619047619
4,"Antioquia","Yondo",-10.9098412698413,-10.4810253968253
4,"Antioquia","Zaragoza",-4.21135,-5.06243999999997
4,"Arauca","Arauca",1.0866619047619,0.603742857142857
4,"Arauca","Arauquita",-1.41862311355311,-1.88407183150183
4,"Arauca","Fortul",-3.21325571428571,-0.841285714285714
4,"Arauca","Puerto Rondon",14.4415,13.487
4,"Arauca","Saravena",-0.826753846153846,-1.21342564102564
4,"Arauca","Tame",0.871414990842491,0.36889652014652
4,"Archipielago de San Andres, Providencia y Santa Catalina","Providencia",-3.85025,-1.9135
4,"Archipielago de San Andres, Providencia y Santa Catalina","San Andres",-2.11596140350877,-2.85887719298246
4,"Atlantico","Baranoa",-1.05711876811594,0.0327753623188407
4,"Atlantico","Barranquilla",3.58814679054054,1.80927635135136
4,"Atlantico","Campo de la Cruz",7.26375,8.0935
4,"Atlantico","Galapa",-2.20162517780939,-0.778033349928876
4,"Atlantico","Juan de Acosta",-2.34836274509804,-3.20444117647059
4,"Atlantico","Luruaco",-3.57323333333333,-0.849695
4,"Atlantico","Malambo",3.03477222222222,1.44161575
4,"Atlantico","Manati",0,0
4,"Atlantico","Palmar de Varela",3.11075,1.88672727272727
4,"Atlantico","Piojo",0,0
4,"Atlantico","Polonuevo",12.4249047619048,6.47971428571429
4,"Atlantico","Ponedera",10.5738333333333,0.0291666666666668
4,"Atlantico","Puerto Colombia",2.38234254658384,1.70811060041409
4,"Atlantico","Repelon",2.80116666666667,2.95866666666667
4,"Atlantico","Sabanagrande",-7.23603896103896,-4.00027922077922
4,"Atlantico","Sabanalarga",-2.098125,-0.756525
4,"Atlantico","Santo Tomas",-2.68810576923077,1.3435
4,"Atlantico","Soledad",1.92092470463763,-0.577345441721037
4,"Atlantico","Suan",1.87095238095238,5.15766666666667
4,"Atlantico","Tubara",-1.36121053571429,-1.00897839285714
4,"Atlantico","Usiacuri",-6.938,-3.981
4,"Bogota, D.C.","Bogota, D.C.",2.1981813250797,0.700253573702335
4,"Bolivar","Achi",5.80475,4.11025
4,"Bolivar","Altos del Rosario",25.7625,19.0835
4,"Bolivar","Arenal",-0.24375,-1.42658333333333
4,"Bolivar","Arjona",-0.868635448028676,0.866965591397849
4,"Bolivar","Arroyohondo",0,0
4,"Bolivar","Barranco de Loba",13.8237333333333,8.53503333333333
4,"Bolivar","Calamar",2.52417285714286,-3.55714285714286
4,"Bolivar","Cantagallo",0.313428571428571,-0.826914285714285
4,"Bolivar","Cartagena de Indias",1.47005936088742,1.31359428461731
4,"Bolivar","Cicuco",1.87577777777778,2.50910101010101
4,"Bolivar","Clemencia",1.115,1.9035
4,"Bolivar","Cordoba",15.3496236134454,4.00166386554622
4,"Bolivar","El Carmen de Bolivar",0.801851766917292,-0.868358759398496
4,"Bolivar","El Guamo",15.198,32.389
4,"Bolivar","El Penon",-3.7402,2.72546666666667
4,"Bolivar","Hatillo de Loba",-0.0658999999999992,6.3126
4,"Bolivar","Magangue",0.135244397031542,0.844583302411874
4,"Bolivar","Mahates",9.843,0.63825
4,"Bolivar","Margarita",0,0
4,"Bolivar","Maria La Baja",0.602701298701299,0.71248051948052
4,"Bolivar","Mompos",2.042215,3.00202696078431
4,"Bolivar","Montecristo",-0.636190476190476,2.28690476190476
4,"Bolivar","Morales",3.49887563218391,4.30922988505747
4,"Bolivar","Norosi",-0.436656666666667,-3.32
4,"Bolivar","Pinillos",9.91625,0.705666666666667
4,"Bolivar","Regidor",14.923,16.937
4,"Bolivar","Rio Viejo",22.7470125,21.0093875
4,"Bolivar","San Estanislao",-3.59805555555556,-0.992777777777778
4,"Bolivar","San Fernando",7.267,4.77608333333333
4,"Bolivar","San Jacinto",-1.6235,0.259
4,"Bolivar","San Juan Nepomuceno",1.52093506493507,1.38753246753247
4,"Bolivar","San Martin de Loba",0.0836749999999995,1.221075
4,"Bolivar","San Pablo",1.4406002631579,-0.311381578947369
4,"Bolivar","Santa Catalina",13.763,12.217
4,"Bolivar","Santa Rosa",-5.96086666666667,0.211266666666666
4,"Bolivar","Santa Rosa del Sur",0.207091666666667,0.4327
4,"Bolivar","Simiti",3.63337875,2.74159722222222
4,"Bolivar","Soplaviento",0,0
4,"Bolivar","Talaigua Nuevo",9.39396428571429,10.3079642857143
4,"Bolivar","Tiquisio",28.5355,0.4675
4,"Bolivar","Turbaco",-2.21684566597654,-1.30597025534851
4,"Bolivar","Turbana",-17.6042380952381,-6.36222222222222
4,"Bolivar","Villanueva",-1.6568947368421,1.98252631578947
4,"Bolivar","Zambrano",8.48475,4.62608333333333
4,"Boyaca","Almeida",-2.96016666666667,-2.50883333333333
4,"Boyaca","Aquitania",0,0
4,"Boyaca","Arcabuco",-1.23466666666667,-2.49446666666667
4,"Boyaca","Belen",1.2065,2.424
4,"Boyaca","Boavita",0,0
4,"Boyaca","Boyaca",0,0
4,"Boyaca","Briceno",13.0698333333333,10.1415
4,"Boyaca","Buenavista",36.25325,33.7685
4,"Boyaca","Busbanza",0,0
4,"Boyaca","Caldas",-1.65296410256411,5.20856076923077
4,"Boyaca","Campohermoso",0,0
4,"Boyaca","Cerinza",5.959,1.7165
4,"Boyaca","Chinavita",18.1475,11.8905
4,"Boyaca","Chiquinquira",7.37034655172413,6.08295103448276
4,"Boyaca","Chiquiza",0,0
4,"Boyaca","Chitaraque",-1.32475,1.54575
4,"Boyaca","Chivata",8.8625,4.80783333333333
4,"Boyaca","Chivor",0,0
4,"Boyaca","Cienega",24.47825,15.49862875
4,"Boyaca","Combita",1.3558503030303,-1.18208734402852
4,"Boyaca","Coper",13.0805,13.7695
4,"Boyaca","Corrales",14.8486,-1.9096
4,"Boyaca","Covarachia",-11.7479285714286,-0.601928571428571
4,"Boyaca","Cubara",-1.40355555555556,-2.61766666666667
4,"Boyaca","Cucaita",0.000666666666666593,-0.0203333333333333
4,"Boyaca","Cuitiva",8.241515,2.96768166666667
4,"Boyaca","Duitama",0.527395035778175,0.540863234943352
4,"Boyaca","El Cocuy",-1.31033333333333,-0.776666666666666
4,"Boyaca","El Espino",-2.4655,-0.251999999999999
4,"Boyaca","Firavitoba",1.00408381818182,2.33265151515152
4,"Boyaca","Floresta",0,0
4,"Boyaca","Gachantiva",4.1198,1.43618181818182
4,"Boyaca","Gameza",5.16083333333333,-1.381
4,"Boyaca","Garagoa",0.322563492063492,1.29460317460317
4,"Boyaca","Guacamayas",-0.405,3.57316666666667
4,"Boyaca","Guateque",1.96019047619048,1.7017719047619
4,"Boyaca","Guayata",0,0
4,"Boyaca","Guican de la Sierra",-5.32133333333333,-1.118
4,"Boyaca","Iza",0.119176666666667,0.530333333333333
4,"Boyaca","Jenesano",4.17567166666667,0.922
4,"Boyaca","La Capilla",0,0
4,"Boyaca","La Victoria",25.6231818181818,32.0579090909091
4,"Boyaca","Labranzagrande",18.437,6.705
4,"Boyaca","Macanal",-1.7085,-1.166
4,"Boyaca","Maripi",0,0
4,"Boyaca","Miraflores",5.05408333333333,1.72225
4,"Boyaca","Mongui",0,0
4,"Boyaca","Moniquira",-2.8884347826087,-0.758758531139828
4,"Boyaca","Motavita",1.8306568627451,0.822633986928104
4,"Boyaca","Muzo",-0.959950000000001,0.14405
4,"Boyaca","Nobsa",1.24526037037037,4.34750461461461
4,"Boyaca","Nuevo Colon",6.175,6.07666666666667
4,"Boyaca","Oicata",1.35389711764706,-5.81561764705882
4,"Boyaca","Otanche",0,0
4,"Boyaca","Pachavita",-7.45066666666667,-5.75316666666667
4,"Boyaca","Paez",12.6070833333333,11.7910833333333
4,"Boyaca","Paipa",-1.02403348447855,-0.366840303453088
4,"Boyaca","Panqueba",-2.68475,-2.19
4,"Boyaca","Pauna",0,0
4,"Boyaca","Paz de Rio",0,0
4,"Boyaca","Pesca",4.33133333333333,2.84866666666667
4,"Boyaca","Pisba",14.149,-1.171
4,"Boyaca","Puerto Boyaca",3.24223076923077,1.08811538461538
4,"Boyaca","Quipama",5.31986666666667,4.5646
4,"Boyaca","Ramiriqui",6.71166666666667,4.20522222222222
4,"Boyaca","Raquira",-2.7301379638009,-0.0186017194570134
4,"Boyaca","Saboya",-0.357133333333334,-1.09687619047619
4,"Boyaca","Sachica",-2.9421875,-1.898375
4,"Boyaca","Samaca",4.0842,5.83752727272727
4,"Boyaca","San Jose de Pare",-20.7035714285714,-22.2800214285713
4,"Boyaca","San Luis de Gaceno",4.37015333333333,0.231241666666667
4,"Boyaca","San Miguel de Sema",17.48281,12.72131
4,"Boyaca","San Pablo de Borbur",0,0
4,"Boyaca","Santa Maria",18.9092666666667,14.5891686666667
4,"Boyaca","Santa Rosa de Viterbo",4.67753676470588,5.4195
4,"Boyaca","Santa Sofia",3.7105,0.8505
4,"Boyaca","Santana",4.86257142857143,9.75378571428571
4,"Boyaca","Sativanorte",0,0
4,"Boyaca","Siachoque",-2.47017857142857,-3.74535714285714
4,"Boyaca","Soata",3.94633333333333,16.6336666666667
4,"Boyaca","Socha",17.5954266666667,2.17616666666667
4,"Boyaca","Sogamoso",1.21558463356974,0.699121373522459
4,"Boyaca","Somondoco",6.682,30.1585
4,"Boyaca","Sora",0.524000000000001,1.7535
4,"Boyaca","Soraca",-4.24633333333333,-1.08208333333333
4,"Boyaca","Sotaquira",2.69491133333333,-1.5061
4,"Boyaca","Sutamarchan",-1.8278625,-0.0459224999999988
4,"Boyaca","Sutatenza",0,0
4,"Boyaca","Tasco",16.6611666666667,3.497
4,"Boyaca","Tenza",0,0
4,"Boyaca","Tibana",4.56783333333333,6.50404166666667
4,"Boyaca","Tibasosa",4.68547959183674,2.43215336096939
4,"Boyaca","Tinjaca",7.84184642857142,7.99824999999999
4,"Boyaca","Toca",4.700975,2.3813
4,"Boyaca","Togui",0,0
4,"Boyaca","Topaga",7.7285,-6.2965
4,"Boyaca","Tunja",1.77384976732866,2.62331964661215
4,"Boyaca","Tunungua",0,0
4,"Boyaca","Turmeque",0,0
4,"Boyaca","Tuta",-1.80439861480076,-1.85349715370019
4,"Boyaca","Umbita",23.965,1.493
4,"Boyaca","Ventaquemada",-8.28262333333333,2.09263333333333
4,"Boyaca","Villa de Leyva",0.312755330152378,0.543062105587194
4,"Boyaca","Viracacha",0,0
4,"Caldas","Aguadas",-0.172873571428571,0.97079
4,"Caldas","Anserma",4.99939666666667,1.67341791666666
4,"Caldas","Aranzazu",-0.94647619047619,-0.520047619047619
4,"Caldas","Belalcazar",6.10991666666667,1.47085833333333
4,"Caldas","Chinchina",1.04613694638695,0.21494696969697
4,"Caldas","Filadelfia",-2.41957909090909,-1.63476090909091
4,"Caldas","La Dorada",0.823289377289377,0.154188305860806
4,"Caldas","La Merced",-0.616708333333333,0.135763888888889
4,"Caldas","Manizales",0.37019726890756,-0.241698487394958
4,"Caldas","Manzanares",-0.709214285714285,-0.563379699248121
4,"Caldas","Marmato",0.398626984126984,-0.144357142857142
4,"Caldas","Marquetalia",-0.655166666666666,-6.29466666666667
4,"Caldas","Marulanda",6.30375,1.44091666666667
4,"Caldas","Neira",-0.285862068965517,-0.474413793103448
4,"Caldas","Norcasia",6.4666,2.56526666666667
4,"Caldas","Pacora",0.702523809523809,-0.281555555555556
4,"Caldas","Palestina",0.907343434343434,-0.0655642135642136
4,"Caldas","Pensilvania",2.75320535714286,1.56214285714286
4,"Caldas","Riosucio",-4.24543460764587,-0.28779879275654
4,"Caldas","Risaralda",2.98385714285714,1.0964625
4,"Caldas","Salamina",-2.82658241758242,-4.61426373626374
4,"Caldas","Samana",-0.425042780748663,-0.531839572192513
4,"Caldas","San Jose",3.64085714285714,4.20190476190476
4,"Caldas","Supia",-2.04819661733615,-0.276609584214235
4,"Caldas","Victoria",-1.01352941176471,-1.04016980392157
4,"Caldas","Villamaria",-2.1849567251462,-3.55399479532163
4,"Caldas","Viterbo",4.6911661025641,5.07654687179487
4,"Caqueta","Albania",12.497875,36.3503083333333
4,"Caqueta","Belen de los Andaquies",2.41133333333333,9.281
4,"Caqueta","Cartagena del Chaira",-1.07764942528736,4.3182183908046
4,"Caqueta","Curillo",0,0
4,"Caqueta","El Doncello",22.24041,10.7235
4,"Caqueta","El Paujil",5.05769047619048,4.31627380952381
4,"Caqueta","Florencia",-3.57470720720721,-1.99090045045045
4,"Caqueta","La Montanita",-1.23,-2.0595
4,"Caqueta","Milan",15.79881,1.6156
4,"Caqueta","Morelia",-7.32633333333333,-1.23133333333333
4,"Caqueta","Puerto Rico",-0.7352,-1.40393333333333
4,"Caqueta","San Jose del Fragua",13.9111254545454,31.5744136363636
4,"Caqueta","San Vicente del Caguan",1.63069423280423,1.28760296296296
4,"Caqueta","Solita",37.4925499999999,50.5935499999999
4,"Caqueta","Valparaiso",37.4540249999999,39.717575
4,"Casanare","Aguazul",-3.68482272727273,-2.16049596969697
4,"Casanare","Hato Corozal",6.2685,14.9125
4,"Casanare","Mani",1.61839925925926,-0.417177083333333
4,"Casanare","Monterrey",0.471561840120664,1.30965914027149
4,"Casanare","Nunchia",2.267,3.6648
4,"Casanare","Orocue",1.99867666666667,5.21763636363636
4,"Casanare","Paz de Ariporo",-0.230028947368421,-0.336886842105263
4,"Casanare","Pore",-6.76728571428571,-2.05157142857143
4,"Casanare","Recetor",0,0
4,"Casanare","Sabanalarga",2.66925,1.11565
4,"Casanare","Sacama",0,0
4,"Casanare","San Luis de Palenque",2.12778409090909,4.27680681818182
4,"Casanare","Tamara",35.10153,38.4435
4,"Casanare","Tauramena",0.185277272727273,-0.0697959415584428
4,"Casanare","Trinidad",10.7599494949495,4.8310404040404
4,"Casanare","Villanueva",-2.34547368421053,-6.75066666666667
4,"Casanare","Yopal",0.649112556656036,-0.31361797758939
4,"Cauca","Almaguer",2.735,-0.405500000000002
4,"Cauca","Argelia",-1.46712222222222,3.01366296296296
4,"Cauca","Balboa",-6.0305,-1.286625
4,"Cauca","Bolivar",1.4949907773386,2.01520167325428
4,"Cauca","Buenos Aires",3.20671463157894,2.55044936842105
4,"Cauca","Cajibio",0.128820024420024,0.261202197802198
4,"Cauca","Caldono",0.901264035476719,0.357338691796009
4,"Cauca","Caloto",2.20088761057912,2.40366076607387
4,"Cauca","Corinto",0.545664258373205,0.425702535885168
4,"Cauca","El Tambo",-4.65098888888889,-2.80492222222222
4,"Cauca","Florencia",-2.44479279279279,3.18790045045045
4,"Cauca","Guachene",1.74981428571429,2.22395
4,"Cauca","Guapi",-0.8288,-0.3252
4,"Cauca","Inza",1.73177350427351,1.7687264957265
4,"Cauca","Jambalo",7.89847666666665,6.0048
4,"Cauca","La Sierra",-10.5645466666667,-10.2260866666666
4,"Cauca","La Vega",-1.81182577777778,0.537477666666667
4,"Cauca","Lopez de Micay",-4.30768869565217,-3.23589966956522
4,"Cauca","Mercaderes",1.16693529411765,0.688638235294118
4,"Cauca","Miranda",-2.32111904761905,-2.26143247619048
4,"Cauca","Morales",-3.97669230769231,-4.64428205128205
4,"Cauca","Padilla",-1.51281818181818,-1.5014025974026
4,"Cauca","Paez",-10.7964545454545,-8.44627272727273
4,"Cauca","Patia",-3.97157945041816,-2.95886379928315
4,"Cauca","Piamonte",5.444,8.64675
4,"Cauca","Piendamo - Tunia",-0.710722423146474,-0.751874511754069
4,"Cauca","Popayan",-0.822387995267425,-0.506930377214044
4,"Cauca","Puerto Tejada",0.64308243315508,1.93879411764706
4,"Cauca","Purace",11.7871277777777,12.7120755555555
4,"Cauca","Rosas",2.3215625,-0.156416666666667
4,"Cauca","San Sebastian",2.10644999999999,4.04179444444444
4,"Cauca","Santa Rosa",3.67477142857143,4.02754285714286
4,"Cauca","Santander de Quilichao",-1.75115105465123,0.00567382558643326
4,"Cauca","Silvia",3.07838422222222,4.94902444444445
4,"Cauca","Sotara - Paispamba",-1.81846710526316,0.542047697368421
4,"Cauca","Suarez",1.20405833333333,4.27335520833333
4,"Cauca","Sucre",2.23475,1.886
4,"Cauca","Timbio",-0.00877794336810744,0.0812340014903157
4,"Cauca","Timbiqui",-3.25871428571429,-0.188571428571429
4,"Cauca","Toribio",1.15629285714286,2.15877035714285
4,"Cauca","Totoro",0.438696428571429,-0.579008928571426
4,"Cauca","Villa Rica",3.04587577639752,3.00847576086956
4,"Cesar","Aguachica",4.85343852067868,1.23120307529162
4,"Cesar","Agustin Codazzi",1.86685797101449,1.20898695652174
4,"Cesar","Astrea",0,0
4,"Cesar","Becerril",-5.81755555555555,3.59911111111111
4,"Cesar","Bosconia",5.618075,2.202576875
4,"Cesar","Chimichagua",12.0770769230769,13.6116346153846
4,"Cesar","Chiriguana",3.988475,-3.16845
4,"Cesar","Curumani",-2.24161764705882,-0.144661176470589
4,"Cesar","El Copey",0.871400000000001,4.4438
4,"Cesar","El Paso",-1.24454619047619,2.36903174603175
4,"Cesar","Gamarra",29.0255125,20.7716375
4,"Cesar","Gonzalez",0,0
4,"Cesar","La Gloria",53.8697999999999,44.8002999999999
4,"Cesar","La Jagua de Ibirico",4.18029015151515,3.81766785714286
4,"Cesar","La Paz",-9.16959047619048,-1.62208571428571
4,"Cesar","Manaure Balcon del Cesar",3.47575,5.12035
4,"Cesar","Pailitas",2.09318181818182,0.992636363636364
4,"Cesar","Pelaya",-1.64373333333333,-2.64026666666667
4,"Cesar","Pueblo Bello",2.68002941176471,5.81264117647059
4,"Cesar","Rio de Oro",2.13745259740259,3.85314935064935
4,"Cesar","San Alberto",-0.373741776315789,-0.7419375
4,"Cesar","San Diego",-0.768825174825174,-0.624384615384615
4,"Cesar","San Martin",-1.60311073426573,-1.39415034965035
4,"Cesar","Tamalameque",-0.0881666666666678,0.8555
4,"Cesar","Valledupar",0.64436606934164,1.44513260615505
4,"Choco","Acandi",7.74983833333333,-1.59108333333333
4,"Choco","Atrato",17.3755,14.2605
4,"Choco","Bagado",0,0
4,"Choco","Bahia Solano",-1.60653968253968,0.477619047619048
4,"Choco","Bajo Baudo",0.640666666666667,1.98216666666667
4,"Choco","Bojaya",0,0
4,"Choco","Certegui",-2.459,-7.876
4,"Choco","Condoto",0.022357142857143,-6.60092857142857
4,"Choco","El Canton del San Pablo",3.7626,5.3286
4,"Choco","El Carmen de Atrato",17.253475,12.0952
4,"Choco","El Litoral del San Juan",-4.7265,-0.293
4,"Choco","Istmina",0.260611111111111,0.0786666666666669
4,"Choco","Lloro",-1.4465,-1.5185
4,"Choco","Medio Baudo",28.7976666666667,17.0096666666667
4,"Choco","Medio San Juan",2.0226,4.1156
4,"Choco","Novita",-1.197,-0.484
4,"Choco","Nuqui",1.1083,-4.5158
4,"Choco","Quibdo",-0.748553191489362,-0.354893617021277
4,"Choco","Rio Iro",0,0
4,"Choco","Riosucio",0.931577464788733,2.17333450704225
4,"Choco","San Jose del Palmar",0,0
4,"Choco","Tado",8.4466,6.24365
4,"Choco","Unguia",-12.05075,-2.335
4,"Choco","Union Panamericana",0.32495,1.3584
4,"Cordoba","Ayapel",-0.783882246376811,0.220347826086956
4,"Cordoba","Buenavista",-35.2443333333333,-32.5553333333333
4,"Cordoba","Canalete",-1.33,-9.57433333333333
4,"Cordoba","Cerete",0.335442884320735,-1.38734976123596
4,"Cordoba","Chima",8.5035,14.563
4,"Cordoba","Chinu",0.228740931034483,0.686603448275862
4,"Cordoba","Cienaga de Oro",3.08017105263158,-1.14789802631579
4,"Cordoba","Cotorra",1.4814,0.301466666666667
4,"Cordoba","La Apartada",0.256666666666667,-0.0547171717171713
4,"Cordoba","Lorica",0.0162569843300284,0.864016498241125
4,"Cordoba","Los Cordobas",-0.254,0.796333333333333
4,"Cordoba","Momil",-2.6723,-0.1846
4,"Cordoba","Monitos",4.447625,3.05096428571429
4,"Cordoba","Montelibano",2.53824632882883,5.86885151651652
4,"Cordoba","Monteria",1.31354423901372,0.252145304087744
4,"Cordoba","Planeta Rica",-0.0726098901098897,2.79316520408163
4,"Cordoba","Pueblo Nuevo",2.42375,-0.464125
4,"Cordoba","Puerto Escondido",4.37036666666667,7.10106666666667
4,"Cordoba","Puerto Libertador",-4.10969230769231,-2.00515153846154
4,"Cordoba","Purisima de la Concepcion",2.5961,5.50586666666667
4,"Cordoba","Sahagun",1.3775,0.377443181818182
4,"Cordoba","San Andres de Sotavento",-0.0577999999999994,-1.689
4,"Cordoba","San Antero",-0.463296296296297,0.0557222222222225
4,"Cordoba","San Bernardo del Viento",1.45153246753247,-0.272168831168831
4,"Cordoba","San Carlos",10.6421785714286,0.954
4,"Cordoba","San Pelayo",0.793954248366013,0.359467320261438
4,"Cordoba","Tierralta",0.707046315789474,-0.970556315789474
4,"Cordoba","Tuchin",4.31305,-0.0521833333333332
4,"Cordoba","Valencia",-0.63208041958042,0.769328671328671
4,"Cundinamarca","Agua de Dios",3.573,3.246
4,"Cundinamarca","Alban",3.58204644444444,2.14111311111111
4,"Cundinamarca","Anapoima",-3.35804856156503,0.0751077790563865
4,"Cundinamarca","Anolaima",-0.330891025641025,-0.235423076923077
4,"Cundinamarca","Apulo",1.58017142857142,0.498809523809524
4,"Cundinamarca","Arbelaez",2.77054901960784,1.33815233785822
4,"Cundinamarca","Beltran",5.20811904761905,4.3572619047619
4,"Cundinamarca","Bituima",-15.2278,-8.1204
4,"Cundinamarca","Bojaca",2.74306666666667,1.08953833333333
4,"Cundinamarca","Cabrera",7.245,-1.163
4,"Cundinamarca","Cachipay",-5.59171717171717,-0.211929292929293
4,"Cundinamarca","Cajica",3.49153232919253,-0.40050872282607
4,"Cundinamarca","Caparrapi",5.42355,7.13415
4,"Cundinamarca","Caqueza",-1.5573547008547,0.131438746438747
4,"Cundinamarca","Carmen de Carupa",-0.747885714285714,-0.097
4,"Cundinamarca","Chaguani",9.163,7.2285
4,"Cundinamarca","Chia",1.14330968915343,-0.258675140542309
4,"Cundinamarca","Chipaque",-2.66721225071225,-1.58492334757835
4,"Cundinamarca","Choachi",3.33338087610082,1.12799088976617
4,"Cundinamarca","Choconta",0.0193250000000003,1.1529562
4,"Cundinamarca","Cogua",0.325111563413209,-0.677655824079485
4,"Cundinamarca","Cota",3.4409126984127,1.22272457671958
4,"Cundinamarca","Cucunuba",0.90440404040404,1.49916161616162
4,"Cundinamarca","El Colegio",-1.08346656108597,0.564260180995475
4,"Cundinamarca","El Penon",9.5942,6.40453333333333
4,"Cundinamarca","El Rosal",0.303381233521656,-1.76079836158192
4,"Cundinamarca","Facatativa",-1.66373854796889,-0.550476101987896
4,"Cundinamarca","Fomeque",0.378642045454545,0.913477272727273
4,"Cundinamarca","Fosca",-0.0341666666666667,0.347833333333333
4,"Cundinamarca","Funza",0.537825318780317,-0.890827304227296
4,"Cundinamarca","Fuquene",0.739882089761571,0.893308555399719
4,"Cundinamarca","Fusagasuga",0.973007040386749,1.37502138624167
4,"Cundinamarca","Gachala",12.2018333333333,5.54833333333333
4,"Cundinamarca","Gachancipa",-1.96060873231132,-1.43405556014151
4,"Cundinamarca","Gacheta",11.2938,9.9344
4,"Cundinamarca","Gama",0,0
4,"Cundinamarca","Girardot",2.68815966491623,0.00832070517629369
4,"Cundinamarca","Granada",0.744519607843137,-0.148529411764706
4,"Cundinamarca","Guacheta",1.87511778846154,2.0698134375
4,"Cundinamarca","Guaduas",2.67028264516129,2.65520860215054
4,"Cundinamarca","Guasca",-2.05074,-2.10937105135135
4,"Cundinamarca","Guataqui",0,0
4,"Cundinamarca","Guatavita",-1.35401885566188,0.239132942583733
4,"Cundinamarca","Guayabal de Siquima",0,0
4,"Cundinamarca","Guayabetal",-2.78364245454546,-0.984309090909091
4,"Cundinamarca","Jerusalen",8.66725,8.50175
4,"Cundinamarca","Junin",11.0395,11.638
4,"Cundinamarca","La Calera",2.54246572197748,-0.193064199706314
4,"Cundinamarca","La Mesa",2.19420064427059,-0.647142061665893
4,"Cundinamarca","La Palma",-2.54358333333333,3.92516666666667
4,"Cundinamarca","La Pena",27.6895714285714,30.4909047619048
4,"Cundinamarca","La Vega",4.00666935483871,-0.183939516129032
4,"Cundinamarca","Lenguazaque",-1.09113333333333,-1.34957575757576
4,"Cundinamarca","Macheta",-1.90983333333333,0.48625
4,"Cundinamarca","Madrid",0.613277447705803,0.585331766194332
4,"Cundinamarca","Manta",11.975,6.79
4,"Cundinamarca","Medina",-1.02266666666667,-0.13425
4,"Cundinamarca","Mosquera",17.42801,3.393
4,"Cundinamarca","Narino",27.2297142857143,23.282
4,"Cundinamarca","Nemocon",1.01852666666667,-0.00922238095238059
4,"Cundinamarca","Nilo",1.14078937381404,1.60106518026565
4,"Cundinamarca","Nimaima",7.2338,-0.1399
4,"Cundinamarca","Nocaima",5.37045714285714,-0.1271
4,"Cundinamarca","Pacho",8.54954732954546,0.678007556818182
4,"Cundinamarca","Paime",0,0
4,"Cundinamarca","Pandi",-0.257,1.4302
4,"Cundinamarca","Paratebueno",2.39994499999999,2.87345833333333
4,"Cundinamarca","Pasca",-4.7279649122807,-4.64065263157895
4,"Cundinamarca","Puerto Salgar",1.7702688172043,0.428779569892473
4,"Cundinamarca","Puli",5.816,8.0615
4,"Cundinamarca","Quebradanegra",3.43193633333333,2.0842
4,"Cundinamarca","Quetame",-5.24416666666667,-2.91048333333333
4,"Cundinamarca","Quipile",0,0
4,"Cundinamarca","Ricaurte",8.71243076923077,2.20526923076923
4,"Cundinamarca","San Antonio del Tequendama",0.699967815126047,1.25367058823529
4,"Cundinamarca","San Bernardo",0.51125375,1.64453125
4,"Cundinamarca","San Cayetano",37.28684,35.21572
4,"Cundinamarca","San Francisco",1.07552923076923,0.346544615384615
4,"Cundinamarca","San Juan de Rioseco",0,0
4,"Cundinamarca","Sasaima",-0.0213238095238095,0.251706071428571
4,"Cundinamarca","Sesquile",-0.249556285714285,-0.931397330532213
4,"Cundinamarca","Sibate",0.642923351158645,-1.58375286096256
4,"Cundinamarca","Silvania",-0.0769385964912281,-0.183572222222217
4,"Cundinamarca","Simijaca",0.136666666666667,1.40833333333333
4,"Cundinamarca","Soacha",-0.124548674860765,0.022282108059664
4,"Cundinamarca","Sopo",0.0872660226385609,-1.2210602138954
4,"Cundinamarca","Subachoque",-0.285637484455111,0.0690898974582743
4,"Cundinamarca","Suesca",0.605975596904937,0.503396746499631
4,"Cundinamarca","Supata",-1.67636975232198,-0.947272445820433
4,"Cundinamarca","Susa",0.91375,1.507125
4,"Cundinamarca","Sutatausa",-1.55512105263158,-1.16690526315789
4,"Cundinamarca","Tabio",2.33001802876757,2.16532837855508
4,"Cundinamarca","Tausa",3.57335416666667,2.464876875
4,"Cundinamarca","Tena",2.35133333333333,4.00085416666667
4,"Cundinamarca","Tenjo",0.540192663046261,-0.195069464624202
4,"Cundinamarca","Tibacuy",8.57314212121212,13.086613008658
4,"Cundinamarca","Tibirita",-1.91575,0.83225
4,"Cundinamarca","Tocaima",3.89821794871795,1.0974408974359
4,"Cundinamarca","Tocancipa",-0.332857107897665,0.0940878494623654
4,"Cundinamarca","Topaipi",8.28008583333333,6.85366666666667
4,"Cundinamarca","Ubala",3.1875,5.9805
4,"Cundinamarca","Ubaque",-1.15785185185185,0.0480111111111112
4,"Cundinamarca","Une",-4.36195192307692,-3.62831730769231
4,"Cundinamarca","Utica",13.848,8.7145
4,"Cundinamarca","Venecia",-9.33433333333333,-0.2339
4,"Cundinamarca","Vergara",-3.2385,-2.6695
4,"Cundinamarca","Viani",-7.0985,-9.19266666666667
4,"Cundinamarca","Villa de San Diego de Ubate",-0.334101867838045,-0.632795836516425
4,"Cundinamarca","Villagomez",22.542,25.892
4,"Cundinamarca","Villapinzon",2.35716339869281,4.64167320261438
4,"Cundinamarca","Villeta",0.27358084496124,0.345655263565892
4,"Cundinamarca","Viota",0.90625,1.277125
4,"Cundinamarca","Yacopi",3.89595833333333,1.134125
4,"Cundinamarca","Zipacon",3.25103571428571,1.0088869047619
4,"Cundinamarca","Zipaquira",-0.370458267479492,-0.907748701738542
4,"Guaviare","Calamar",2.26835714285714,0.207142857142857
4,"Guaviare","El Retorno",0.211611111111111,-1.662
4,"Guaviare","San Jose del Guaviare",-0.879136842105264,0.667584210526315
4,"Huila","Acevedo",-0.621398055555556,-2.35256805555556
4,"Huila","Agrado",5.63857142857143,5.52116666666667
4,"Huila","Aipe",2.42668516483516,4.01878956043956
4,"Huila","Algeciras",0.521698412698413,3.24225396825397
4,"Huila","Altamira",6.30118430555556,7.81120833333333
4,"Huila","Baraya",-5.43555,1.183
4,"Huila","Campoalegre",0.0381076190476191,1.84462047619048
4,"Huila","Colombia",0.157111111111111,-0.795333333333333
4,"Huila","Elias",11.1663333333333,10.6422
4,"Huila","Garzon",-0.813352130325814,4.87605764411028
4,"Huila","Gigante",0.939326210826211,0.646180911680912
4,"Huila","Guadalupe",-14.3971757575758,10.2225757575758
4,"Huila","Hobo",-6.050375,-4.33273749999997
4,"Huila","Iquira",1.65301923076923,0.770557692307692
4,"Huila","Isnos",2.28211428571429,-0.676022571428572
4,"Huila","La Argentina",-1.56658333333333,-1.1585
4,"Huila","La Plata",-2.15333201581028,-0.45217162055336
4,"Huila","Nataga",2.9248,1.7809
4,"Huila","Neiva",2.2299934462665,0.668178671101495
4,"Huila","Oporapa",2.22589241758242,3.25574725274725
4,"Huila","Paicol",-3.096685,0.4998
4,"Huila","Palermo",-0.0204331454918041,0.509969731045082
4,"Huila","Palestina",-0.0849624819624815,1.05680230880231
4,"Huila","Pital",-1.0899010989011,0.205208791208791
4,"Huila","Pitalito",-0.860512394291755,-0.219703317917547
4,"Huila","Rivera",0.115744264513313,1.06357875381929
4,"Huila","Saladoblanco",-0.551180833333333,-1.30656666666667
4,"Huila","San Agustin",1.98849158249158,0.0968900000000001
4,"Huila","Santa Maria",-18.4879411764706,-15.0923823529412
4,"Huila","Suaza",1.58881871345029,2.69706432748538
4,"Huila","Tarqui",-0.277664166666667,-2.0858475
4,"Huila","Tello",1.1627420122631,0.747505016722408
4,"Huila","Teruel",-0.0333857142857146,0.466363142857143
4,"Huila","Tesalia",3.32,0.64825
4,"Huila","Timana",0.946068716475096,1.96244061302682
4,"Huila","Villavieja",-0.46675,-0.719875
4,"Huila","Yaguara",-2.94667142857143,-4.06232857142857
4,"La Guajira","Albania",-11.3690960526316,-36.0154951754386
4,"La Guajira","Barrancas",1.02376666666667,-2.31479333333332
4,"La Guajira","Dibulla",-0.379530721925135,1.03404278074866
4,"La Guajira","Distraccion",7.93558333333333,0.406333333333333
4,"La Guajira","Fonseca",2.62857944444444,-2.12065
4,"La Guajira","Hatonuevo",-1.20748333333333,-0.213383333333333
4,"La Guajira","La Jagua del Pilar",0,0
4,"La Guajira","Maicao",-1.59968142857143,0.276587755102041
4,"La Guajira","Manaure",1.05725128205128,0.0399076923076924
4,"La Guajira","Riohacha",-2.02513671717172,-0.887022727272727
4,"La Guajira","San Juan del Cesar",2.23224110671937,0.282608695652174
4,"La Guajira","Uribia",-18.7189090909091,-0.385590909090909
4,"La Guajira","Urumita",-1.33714285714286,0.0197619047619046
4,"La Guajira","Villanueva",1.54073684210526,-0.835701754385965
4,"Magdalena","Algarrobo",-4.3876,3.39405
4,"Magdalena","Aracataca",-4.54654444444444,2.58493055555555
4,"Magdalena","Ariguani",3.07685,4.33765
4,"Magdalena","Cerro de San Antonio",8.63716666666667,11.7908333333333
4,"Magdalena","Chivolo",-9.94978571428571,-2.98359523809524
4,"Magdalena","Cienaga",0.919110924369748,-2.39172403361344
4,"Magdalena","Concordia",29.267,33.2466666666667
4,"Magdalena","El Banco",2.18104222222222,3.24271555555556
4,"Magdalena","El Pinon",-9.88366666666667,7.765
4,"Magdalena","El Reten",-3.81860714285714,-5.61223214285714
4,"Magdalena","Fundacion",-1.43966666666667,-0.0782500000000002
4,"Magdalena","Guamal",5.50051111111111,6.95228685185185
4,"Magdalena","Nueva Granada",7.28166666666667,10.7523333333333
4,"Magdalena","Pedraza",13.4515,15.024
4,"Magdalena","Pijino del Carmen",6.2555,0.826375
4,"Magdalena","Pivijay",1.52927142857143,0.302428571428572
4,"Magdalena","Plato",0.251478991596639,-1.10903361344538
4,"Magdalena","Puebloviejo",0.415873015873016,-0.391583968253968
4,"Magdalena","Remolino",0,0
4,"Magdalena","Sabanas de San Angel",8.703,8.1344
4,"Magdalena","Salamina",16.5541538461538,17.0126923076923
4,"Magdalena","San Sebastian de Buenavista",7.2601,9.126
4,"Magdalena","San Zenon",7.541625,9.019625
4,"Magdalena","Santa Ana",10.5911828571429,11.6994642857143
4,"Magdalena","Santa Barbara de Pinto",0,0
4,"Magdalena","Santa Marta",3.09006521550933,1.46342776530575
4,"Magdalena","Sitionuevo",2.12292207792208,-4.89004285714283
4,"Magdalena","Tenerife",-0.0804499999999999,-0.64605
4,"Magdalena","Zona Bananera",2.16803333333333,0.132733333333333
4,"Meta","Acacias",-0.628985682790699,0.167663156279074
4,"Meta","Barranca de Upia",-0.807629807692308,-0.672700048076923
4,"Meta","Cabuyaro",-0.960833333333333,-0.8405
4,"Meta","Castilla la Nueva",-0.030798169642857,-0.461830758928563
4,"Meta","Cubarral",-0.795642857142857,-0.6745
4,"Meta","Cumaral",-0.564267973856211,1.58721661220043
4,"Meta","El Calvario",-2.85,1.573
4,"Meta","El Castillo",-0.15075,-0.0069999999999999
4,"Meta","El Dorado",-0.286625,3.096
4,"Meta","Fuente de Oro",2.85472367647058,2.84385588235294
4,"Meta","Granada",-3.21017345399698,-1.29862443438914
4,"Meta","Guamal",-5.66669365079365,-5.85848095238095
4,"Meta","La Macarena",-1.17190469230769,-3.44690769230769
4,"Meta","Lejanias",-1.07739666666667,-5.05917777777778
4,"Meta","Mapiripan",4.95142857142857,11.3058428571429
4,"Meta","Mesetas",-10.2894,-6.8828
4,"Meta","Puerto Concordia",-2.01583333333333,-4.15633333333333
4,"Meta","Puerto Gaitan",4.26772166666666,1.60834500000003
4,"Meta","Puerto Lleras",0,0
4,"Meta","Puerto Lopez",-0.481789583333334,-1.08588239583333
4,"Meta","Puerto Rico",10.93245,13.1861833333333
4,"Meta","Restrepo",3.8267,2.6935
4,"Meta","San Carlos de Guaroa",-5.64660833333333,-1.20425416666667
4,"Meta","San Juan de Arama",3.8321,2.591
4,"Meta","San Martin",0.994867272727273,0.834647272727273
4,"Meta","Uribe",-0.707,-1.3505
4,"Meta","Villavicencio",0.272864741217775,0.0396724487169351
4,"Meta","Vistahermosa",1.01622222222222,1.357
4,"Narino","Alban",-3.90413071895425,-2.05338562091503
4,"Narino","Aldana",0.388,0.707685714285714
4,"Narino","Ancuya",0.142642857142857,1.34714285714286
4,"Narino","Arboleda",0.583019480519481,1.1964025974026
4,"Narino","Barbacoas",-7.85180952380952,-0.81415873015873
4,"Narino","Belen",-4.39764285714286,-2.56971428571429
4,"Narino","Buesaco",3.50171255135135,4.40543648648648
4,"Narino","Chachagui",2.35530031140351,0.657262464912281
4,"Narino","Colon",0.917885964912281,2.80844736842105
4,"Narino","Consaca",0.266983436853002,-0.0216501035196686
4,"Narino","Contadero",-1.09473333333333,-0.4834
4,"Narino","Cordoba",-9.93868322981366,-1.68355900621118
4,"Narino","Cuaspud Carlosama",-0.855,0.196555555555556
4,"Narino","Cumbal",-0.519884166666666,1.50939333333333
4,"Narino","Cumbitara",-2.53640760869565,-0.499415760869566
4,"Narino","El Charco",-1.09396428571429,-2.54364285714286
4,"Narino","El Penol",1.10232142857143,0.512035714285714
4,"Narino","El Rosario",-3.627,-5.268
4,"Narino","El Tablon de Gomez",1.31277319327731,1.00025004201681
4,"Narino","El Tambo",0.377716161616162,0.797958585858586
4,"Narino","Francisco Pizarro",-6.191,2.8
4,"Narino","Funes",-0.398666666666667,-1.3734
4,"Narino","Guachucal",3.66113333333333,2.36252266666667
4,"Narino","Guaitarilla",0.2636,0.1604
4,"Narino","Gualmatan",-1.2326,-0.128
4,"Narino","Iles",-0.587833333333334,1.051
4,"Narino","Imues",0.330002727272727,0.612
4,"Narino","Ipiales",3.43481666666667,3.51432333333333
4,"Narino","La Cruz",-6.19111578947368,-3.31698421052632
4,"Narino","La Florida",3.04788888888889,1.81844444444444
4,"Narino","La Llanada",-1.74116666666667,-0.252833333333333
4,"Narino","La Tola",21.942,0.127
4,"Narino","La Union",-7.60322549019608,-7.93867736185383
4,"Narino","Leiva",-1.03386315789474,-0.117915789473684
4,"Narino","Linares",-0.519055555555555,-0.915166666666667
4,"Narino","Los Andes",-1.22177777777778,0.674388888888889
4,"Narino","Magui",-10.7463333333333,-2.48416666666667
4,"Narino","Mallama",10.5118333333333,6.30366666666667
4,"Narino","Mosquera",-7.50651,10.0405
4,"Narino","Narino",-26.8493636363636,-32.193
4,"Narino","Olaya Herrera",-1.131,-0.534
4,"Narino","Ospina",0.1955,0.97053
4,"Narino","Pasto",-0.641740675988034,-0.677769976885418
4,"Narino","Policarpa",3.15873076923077,2.54782607692308
4,"Narino","Potosi",3.576125,3.03435
4,"Narino","Providencia",4.20633333333333,0.717333333333333
4,"Narino","Puerres",1.23351428571429,0.4432
4,"Narino","Pupiales",3.92770017857143,1.84882517857143
4,"Narino","Ricaurte",3.95756923076923,6.09423076923077
4,"Narino","Samaniego",-0.557948421052632,-0.734568421052632
4,"Narino","San Andres de Tumaco",-1.65532362068965,-0.708390862068966
4,"Narino","San Bernardo",-1.5648125,-1.32915625
4,"Narino","San Lorenzo",1.97406058823529,1.73588588235294
4,"Narino","San Pablo",-2.85433088235294,0.114161764705882
4,"Narino","San Pedro de Cartago",1.439931,0.5553435
4,"Narino","Sandona",0.843903703703704,0.850833333333333
4,"Narino","Santa Barbara",-5.86026315789474,0.0937368421052631
4,"Narino","Santacruz",-17.78675,-2.301
4,"Narino","Sapuyes",4.1916,3.5962
4,"Narino","Taminango",-1.76123333333333,-4.923
4,"Narino","Tangua",-2.57307936507936,-2.81472396825396
4,"Narino","Tuquerres",0.314442424242424,0.931565
4,"Narino","Yacuanquer",-0.917911764705883,-0.0674999999999999
4,"Norte de Santander","Abrego",-1.33876767676768,-0.852646464646464
4,"Norte de Santander","Arboledas",-7.68013333333334,2.83526666666667
4,"Norte de Santander","Bochalema",4.08115294117647,3.44448176470588
4,"Norte de Santander","Bucarasica",4.76284833333333,5.55133333333333
4,"Norte de Santander","Cachira",0,0
4,"Norte de Santander","Cacota",23.1440166666666,12.0430166666666
4,"Norte de Santander","Chinacota",2.86851764731945,1.2678274745237
4,"Norte de Santander","Chitaga",-0.366,-0.561875
4,"Norte de Santander","Cucutilla",-10.4054166666667,-0.902749999999999
4,"Norte de Santander","Durania",-1.23396666666667,0.817499999999999
4,"Norte de Santander","El Carmen",0,0
4,"Norte de Santander","El Tarra",-0.899768131868131,-0.433639802197802
4,"Norte de Santander","El Zulia",2.66932456140351,-0.0912565789473687
4,"Norte de Santander","Gramalote",20.3595,16.895
4,"Norte de Santander","Hacari",-3.182,-2.3535
4,"Norte de Santander","Herran",21.0970499999999,4.54165000000021
4,"Norte de Santander","La Esperanza",-5.79492156862745,-5.32871078431373
4,"Norte de Santander","La Playa",42.683,44.425
4,"Norte de Santander","Labateca",0.496499999999999,-2.274
4,"Norte de Santander","Los Patios",0.684757769511084,-0.128261680838136
4,"Norte de Santander","Lourdes",7.739,20.1225
4,"Norte de Santander","Mutiscua",0.701749999999999,3.66025
4,"Norte de Santander","Ocana",-1.45407108317215,-0.611413771760155
4,"Norte de Santander","Pamplona",0.599703296703297,-1.14156318681319
4,"Norte de Santander","Pamplonita",0.860413333333334,1.41713733333333
4,"Norte de Santander","Puerto Santander",2.36533333333333,1.37286666666667
4,"Norte de Santander","Ragonvalia",20.506,12.797
4,"Norte de Santander","Salazar",0.577,-0.484875000000001
4,"Norte de Santander","San Calixto",6.9175,0.837333333333333
4,"Norte de Santander","San Cayetano",-40.1518695652174,-36.3867391304348
4,"Norte de Santander","San Jose de Cucuta",0.494164910545244,0.385854532374102
4,"Norte de Santander","Santiago",17.3421666666667,15.7215
4,"Norte de Santander","Sardinata",3.09927450980392,-2.10158263305322
4,"Norte de Santander","Silos",-4.43071111111111,-4.59242222222222
4,"Norte de Santander","Teorama",1.18033333333333,0.828214285714285
4,"Norte de Santander","Tibu",0.980990249187432,0.539887053087758
4,"Norte de Santander","Toledo",-0.551188888888904,-3.00211111111111
4,"Norte de Santander","Villa Caro",11.868,-6.926
4,"Norte de Santander","Villa del Rosario",6.5879044957983,3.97760800420171
4,"Putumayo","Colon",-0.787283400809716,-1.70117813765182
4,"Putumayo","Mocoa",0.467419658869396,0.492772485380117
4,"Putumayo","Orito",-3.7118216374269,-0.89759649122807
4,"Putumayo","Puerto Asis",-2.16029093567251,1.10733406432749
4,"Putumayo","Puerto Caicedo",-0.668923076923077,-0.260692307692308
4,"Putumayo","Puerto Guzman",12.2584277777778,10.9142333333333
4,"Putumayo","Puerto Leguizamo",-6.64144444444445,0.630888888888889
4,"Putumayo","San Francisco",-2.27381263157895,-1.86810736842105
4,"Putumayo","San Miguel",8.98961538461538,5.44969230769231
4,"Putumayo","Santiago",-15.8597142857143,-15.685
4,"Putumayo","Sibundoy",-2.78523684210526,-1.30677543859649
4,"Putumayo","Valle del Guamuez",-1.04312938596491,0.455877192982456
4,"Putumayo","Villagarzon",0.40895652173913,0.686304347826088
4,"Quindio","Armenia",-0.668968157894737,-10.0933157894737
4,"Quindio","Buenavista",5.65611111111111,0.159555555555555
4,"Quindio","Calarca",1.01882378472222,0.4776565625
4,"Quindio","Circasia",0.683022556390979,0.203524644945698
4,"Quindio","Cordoba",-4.87660248447205,-2.51894099378882
4,"Quindio","Filandia",-0.647795801724138,-0.489720801724138
4,"Quindio","Genova",2.76886666666667,3.34033933333333
4,"Quindio","La Tebaida",-2.42708937437935,-2.09635486593842
4,"Quindio","Montenegro",0.121636888528139,0.0146525865800866
4,"Quindio","Pijao",-5.00032833333333,2.99108333333333
4,"Quindio","Quimbaya",-1.4969513578047,-0.197249586600142
4,"Quindio","Salento",-2.25381097560976,-0.0115277777777778
4,"Risaralda","Apia",1.28141666666667,0.119666666666666
4,"Risaralda","Balboa",8.66883333333333,5.17591666666667
4,"Risaralda","Belen de Umbria",-4.73175882352941,0.370817647058823
4,"Risaralda","Dosquebradas",2.14715941463415,0.526475252032521
4,"Risaralda","Guatica",1.4285119047619,1.42533333333333
4,"Risaralda","La Celia",12.087,7.885
4,"Risaralda","La Virginia",-1.9155,-1.54619230769231
4,"Risaralda","Marsella",1.02788571428571,0.0530571428571429
4,"Risaralda","Mistrato",1.54966666666667,1.61291666666667
4,"Risaralda","Pereira",0.281508572091942,-0.331430255729874
4,"Risaralda","Pueblo Rico",-3.29803791666667,-0.993541666666667
4,"Risaralda","Quinchia",-0.429600000000001,-1.075465
4,"Risaralda","Santa Rosa de Cabal",2.44966455659537,0.9028206684492
4,"Risaralda","Santuario",-1.80836666666667,-2.57831666666667
4,"Santander","Aguada",0,0
4,"Santander","Albania",-6.57607894736842,-0.521763157894737
4,"Santander","Aratoca",2.10873585858586,4.70354242424242
4,"Santander","Barbosa",-5.95897640117994,-3.06375672392851
4,"Santander","Barichara",-2.48978690080683,0.0100987185571899
4,"Santander","Barrancabermeja",-0.982381604938276,-1.15250956790122
4,"Santander","Betulia",1.18361538461538,3.40057692307692
4,"Santander","Bolivar",5.50513043478261,3.1346149068323
4,"Santander","Bucaramanga",0.890308029556646,1.18404857536946
4,"Santander","Cabrera",-3.954625,4.661375
4,"Santander","California",0.317666666666667,1.48766666666667
4,"Santander","Capitanejo",-13.5643,1.4404
4,"Santander","Carcasi",18.5995,12.4135
4,"Santander","Cepita",10.6763333333333,16.995
4,"Santander","Cerrito",4.90633333333333,4.196
4,"Santander","Charala",-3.83628431372549,-4.56683333333333
4,"Santander","Chima",-8.8535,-15.3816666666667
4,"Santander","Chipata",-11.329,-9.54233333333333
4,"Santander","Cimitarra",4.56269342105263,0.948464657894737
4,"Santander","Concepcion",-5.13104166666667,1.620125
4,"Santander","Confines",3.56898589285714,2.79675375
4,"Santander","Contratacion",-6.498,-12.555
4,"Santander","Coromoro",17.2955,19.54
4,"Santander","Curiti",-0.0638900000000007,-0.766136764705883
4,"Santander","El Carmen de Chucuri",3.678825,2.829664
4,"Santander","El Penon",-14.0455,-7.87283333333333
4,"Santander","El Playon",-4.22925,-2.030275
4,"Santander","Encino",-9.096,-6.053
4,"Santander","Enciso",-9.18816666666667,-1.64883333333333
4,"Santander","Florian",-1.006,-4.29164285714286
4,"Santander","Floridablanca",1.02208984098018,1.56458563607926
4,"Santander","Galan",-3.6132,-2.6451
4,"Santander","Gambita",-4.6872,1.02
4,"Santander","Giron",-1.07924712686567,-0.270674622201489
4,"Santander","Guaca",4.689375,5.5385
4,"Santander","Guadalupe",15.7975924242424,5.44075757575758
4,"Santander","Guapota",-3.04821428571428,3.13139285714286
4,"Santander","Guavata",-0.5417,-0.4958
4,"Santander","Guepsa",-6.1263,-21.7601499999999
4,"Santander","Hato",-3.19173333333333,-3.93653333333333
4,"Santander","Jesus Maria",-0.837599999999999,-0.2236
4,"Santander","Jordan",0,0
4,"Santander","La Belleza",-2.68855882352941,-2.28302941176471
4,"Santander","La Paz",7.38260714285714,5.01561904761905
4,"Santander","Landazuri",0.749947368421052,-2.31495488721805
4,"Santander","Lebrija",1.61074142573274,0.381600586189766
4,"Santander","Los Santos",0.266728378271214,1.00516189664288
4,"Santander","Macaravita",0,0
4,"Santander","Malaga",-8.05201709401709,-4.34408811965809
4,"Santander","Matanza",2.12738095238095,-0.822301587301588
4,"Santander","Mogotes",-2.17663043478261,-7.27669875776397
4,"Santander","Molagavita",-0.366,-1.4945
4,"Santander","Ocamonte",-4.25011904761905,-3.05492857142857
4,"Santander","Oiba",3.57068741935484,4.60588258064516
4,"Santander","Onzaga",-0.3566,0.1044
4,"Santander","Palmar",-2.29393333333333,-5.79446666666667
4,"Santander","Palmas del Socorro",-0.80975,-0.688410714285714
4,"Santander","Paramo",2.0395,-1.7928
4,"Santander","Piedecuesta",-2.35555500641849,-1.8212538656786
4,"Santander","Pinchote",-0.622315789473684,0.864129858299593
4,"Santander","Puente Nacional",-3.62208193277311,-2.05129243697477
4,"Santander","Puerto Parra",0.621100000000002,10.371055
4,"Santander","Puerto Wilches",-2.37547222222222,-1.64414351851852
4,"Santander","Rionegro",-13.0796064986737,-10.2958221736325
4,"Santander","Sabana de Torres",-0.444662048490846,-0.846927906976738
4,"Santander","San Andres",4.9898947368421,1.45454385964912
4,"Santander","San Benito",33.581,-0.309066666666666
4,"Santander","San Gil",0.528716009640438,1.34758129624805
4,"Santander","San Joaquin",1.80633333333333,2.27316666666667
4,"Santander","San Jose de Miranda",3.0952,1.63607666666667
4,"Santander","San Miguel",22.2803846153846,22.5773076923077
4,"Santander","San Vicente de Chucuri",0.55849253968254,0.292
4,"Santander","Santa Barbara",-1.63231578947368,-1.17112280701754
4,"Santander","Santa Helena del Opon",10.182,17.4605
4,"Santander","Simacota",-2.82291341991342,-1.56484705627706
4,"Santander","Socorro",-0.343420522217133,-0.735812185066422
4,"Santander","Suaita",0.159018099547511,1.09445248868778
4,"Santander","Sucre",2.43933333333333,2.25091666666667
4,"Santander","Surata",2.82125,6.28775
4,"Santander","Tona",6.45016666666667,4.27955
4,"Santander","Valle de San Jose",-6.5891875,-5.72670833333333
4,"Santander","Velez",-3.40836904761905,-2.526125
4,"Santander","Vetas",0.923,0.140666666666667
4,"Santander","Villanueva",0.434275303643725,3.55398380566802
4,"Santander","Zapatoca",3.70695798319328,4.94726344537815
4,"Sucre","Buenavista",-4.74977777777778,0.988977777777778
4,"Sucre","Caimito",7.9555,8.405
4,"Sucre","Chalan",4.63875,7.9935
4,"Sucre","Coloso",23.965,26.696
4,"Sucre","Corozal",0.0558220211161373,-1.25182051282051
4,"Sucre","Covenas",1.35419494047619,3.65555803571429
4,"Sucre","El Roble",5.778,7.7925
4,"Sucre","Galeras",0,0
4,"Sucre","Guaranda",0,0
4,"Sucre","La Union",20.4407254901961,18.5733137254902
4,"Sucre","Los Palmitos",2.21925,0.873375
4,"Sucre","Majagual",4.38415714285714,0.220342857142857
4,"Sucre","Morroa",-1.91690025575448,-0.57118925831202
4,"Sucre","Ovejas",0.860222222222222,-1.63525555555556
4,"Sucre","Palmito",-0.161054545454546,0.665527272727273
4,"Sucre","Sampues",-0.907713712910986,-0.668379174017633
4,"Sucre","San Benito Abad",19.7884,8.2448
4,"Sucre","San Jose de Toluviejo",0.80327149321267,-0.812176470588235
4,"Sucre","San Juan de Betulia",6.3006,7.48645
4,"Sucre","San Luis de Since",4.615503,-0.2938
4,"Sucre","San Marcos",6.30096929824561,0.307583333333333
4,"Sucre","San Onofre",4.67595833333333,0.881708333333333
4,"Sucre","San Pedro",2.58832411067194,4.05464557312253
4,"Sucre","Santiago de Tolu",-0.0874487179487184,0.0471227106227108
4,"Sucre","Sincelejo",-1.48699452920327,-1.85626879334258
4,"Sucre","Sucre",9.90403205128205,-3.58653205128205
4,"Tolima","Alpujarra",3.3068,1.9962
4,"Tolima","Alvarado",-2.964875,-3.3295625
4,"Tolima","Ambalema",6.59386666666667,8.0656
4,"Tolima","Anzoategui",3.51481666666667,9.23671249999999
4,"Tolima","Armero",0,0
4,"Tolima","Ataco",9.63893076923077,0.849364538461539
4,"Tolima","Cajamarca",-0.0785555555555559,-0.143333333333333
4,"Tolima","Carmen de Apicala",-4.89508460526316,0.60696802631579
4,"Tolima","Casabianca",0,0
4,"Tolima","Chaparral",-0.964887719298246,-0.0456350877192981
4,"Tolima","Coello",2.80115476190476,2.5615025
4,"Tolima","Coyaima",-6.08025,3.07375
4,"Tolima","Cunday",13.034,2.761
4,"Tolima","Dolores",-10.218,-12.5078999999997
4,"Tolima","Espinal",-1.63384034539474,-0.466830008223684
4,"Tolima","Falan",-5.88072222222222,-7.81023492063489
4,"Tolima","Flandes",1.89985849686028,-0.186668147566719
4,"Tolima","Fresno",-1.51888636363636,-0.626189393939394
4,"Tolima","Guamo",-1.71459188034188,0.304457264957265
4,"Tolima","Herveo",4.55725,8.4472575
4,"Tolima","Honda",0.639818681318681,0.384932472527473
4,"Tolima","Ibague",0.573912288842774,-0.0267469804406328
4,"Tolima","Icononzo",1.98369230769231,-1.57254700854701
4,"Tolima","Lerida",3.29765909090909,1.980875
4,"Tolima","Libano",-0.0831339285714288,0.366383928571429
4,"Tolima","Melgar",0.430558098693758,1.15887525399129
4,"Tolima","Murillo",12.2845,16.5115
4,"Tolima","Natagaima",1.12725,-0.0185
4,"Tolima","Ortega",8.652625,3.155375
4,"Tolima","Palocabildo",-3.8115,8.17621428571429
4,"Tolima","Piedras",0.446721719457013,-0.454158371040724
4,"Tolima","Planadas",0.683030303030304,-10.3045893939393
4,"Tolima","Prado",-0.813928571428572,-1.11392857142857
4,"Tolima","Purificacion",2.23559523809524,-2.69412857142857
4,"Tolima","Rioblanco",-8.3302,0.2986
4,"Tolima","Roncesvalles",7.45375,2.2835
4,"Tolima","Rovira",-0.699966666666667,-2.46805
4,"Tolima","Saldana",5.44995454545455,-1.48488494318177
4,"Tolima","San Antonio",3.43341666666667,4.76683333333333
4,"Tolima","San Luis",-1.03085576923077,4.52947115384615
4,"Tolima","San Sebastian de Mariquita",-3.36574703703704,-1.23490851851852
4,"Tolima","Santa Isabel",11.533,5.629
4,"Tolima","Suarez",-1.8033125,-4.624221875
4,"Tolima","Valle de San Juan",21.9613333333333,6.24233333333333
4,"Tolima","Venadillo",4.33995833333333,5.35012916666667
4,"Tolima","Villahermosa",1.80685714285714,-2.0565
4,"Tolima","Villarrica",29.855,11.758
4,"Valle del Cauca","Alcala",0.753810185185185,0.388393518518519
4,"Valle del Cauca","Andalucia",-1.35819951923077,-1.21913586538461
4,"Valle del Cauca","Ansermanuevo",-2.11566666666667,-1.23813333333333
4,"Valle del Cauca","Argelia",4.35372222222222,2.31753703703704
4,"Valle del Cauca","Bolivar",-3.35965384615385,-3.6243021978022
4,"Valle del Cauca","Buenaventura",-0.783635332025778,-0.154251738582234
4,"Valle del Cauca","Bugalagrande",0.470146825396825,0.836624087301587
4,"Valle del Cauca","Caicedonia",-0.518008006379585,-0.593827767145136
4,"Valle del Cauca","Cali",1.22823535585318,1.30572179805626
4,"Valle del Cauca","Calima",-0.910260447670902,-0.227564585601936
4,"Valle del Cauca","Candelaria",0.592518428852366,0.402694643910662
4,"Valle del Cauca","Cartago",2.45550638554217,-0.00969879518072325
4,"Valle del Cauca","Dagua",1.26005033934824,0.734103843253433
4,"Valle del Cauca","El Aguila",0,0
4,"Valle del Cauca","El Cairo",-8.24864285714286,-7.7355
4,"Valle del Cauca","El Cerrito",2.14693782877317,0.108955516328332
4,"Valle del Cauca","El Dovio",3.22533333333333,2.42233333333333
4,"Valle del Cauca","Florida",0.23632660968661,-0.866663418803419
4,"Valle del Cauca","Ginebra",-0.2658635891748,2.66341369565217
4,"Valle del Cauca","Guacari",-0.720040404040404,-0.492562727272727
4,"Valle del Cauca","Guadalajara de Buga",0.34308483974359,0.16083041958042
4,"Valle del Cauca","Jamundi",0.484086814764172,-0.183915259876947
4,"Valle del Cauca","La Cumbre",1.76119274423338,0.561611272048847
4,"Valle del Cauca","La Union",-17.2502702702703,-17.9756216216216
4,"Valle del Cauca","La Victoria",-25.6260625,-32.53425
4,"Valle del Cauca","Obando",4.00358461538462,1.06776923076923
4,"Valle del Cauca","Palmira",-0.777788029841394,0.117447070389247
4,"Valle del Cauca","Pradera",0.202879219385868,0.498890862005179
4,"Valle del Cauca","Restrepo",-1.41333684210526,-1.77105263157895
4,"Valle del Cauca","Riofrio",-4.8595,-1.39692307692308
4,"Valle del Cauca","Roldanillo",-1.31817045454545,-0.187319584415584
4,"Valle del Cauca","San Pedro",-3.57593280632411,-4.32120948616601
4,"Valle del Cauca","Sevilla",-1.00133647058824,1.393952239819
4,"Valle del Cauca","Toro",1.05931203007519,0.214251879699248
4,"Valle del Cauca","Trujillo",3.39277148148148,0.966468888888889
4,"Valle del Cauca","Tulua",0.89091324074074,0.589565234454638
4,"Valle del Cauca","Ulloa",2.13760166666667,0.740798076923077
4,"Valle del Cauca","Versalles",-4.6667,-6.3543
4,"Valle del Cauca","Vijes",-0.60341,0.495321111111111
4,"Valle del Cauca","Yotoco",-2.40131333333333,-2.55318
4,"Valle del Cauca","Yumbo",0.613636995728525,1.89321430113907
4,"Valle del Cauca","Zarzal",-0.315618725868726,0.788273166023166
4,"Vichada","La Primavera",-0.56175,-0.07325
4,"Vichada","Santa Rosalia",-0.0909166666666666,-0.19325
